# Resource object code (Python 3)
# Created by: object code
# Created by: The Resource Compiler for Qt version 6.11.2
# WARNING! All changes made in this file will be lost!

from PySide6 import QtCore

qt_resource_data = b"\
\x00\x00\xc8]\
\x00\
\x00\x01\x00\x09\x00\x10\x10\x00\x00\x00\x00 \x005\x03\x00\
\x00\x96\x00\x00\x00\x14\x14\x00\x00\x00\x00 \x00\xfd\x03\x00\
\x00\xcb\x03\x00\x00\x18\x18\x00\x00\x00\x00 \x00A\x05\x00\
\x00\xc8\x07\x00\x00  \x00\x00\x00\x00 \x00\xfd\x07\x00\
\x00\x09\x0d\x00\x00((\x00\x00\x00\x00 \x00Z\x0a\x00\
\x00\x06\x15\x00\x0000\x00\x00\x00\x00 \x00L\x0d\x00\
\x00`\x1f\x00\x00@@\x00\x00\x00\x00 \x00G\x12\x00\
\x00\xac,\x00\x00\x80\x80\x00\x00\x00\x00 \x00\x92*\x00\
\x00\xf3>\x00\x00\x00\x00\x00\x00\x00\x00 \x00\xd8^\x00\
\x00\x85i\x00\x00\x89PNG\x0d\x0a\x1a\x0a\x00\x00\x00\
\x0dIHDR\x00\x00\x00\x10\x00\x00\x00\x10\x08\x06\x00\
\x00\x00\x1f\xf3\xffa\x00\x00\x02\xfcIDATx\x9c\
U\x93Ol\x1bE\x14\xc6\x7f\xb3\xbb\xb6\xe3?q\x9c\
\xba\xa1\x11\x11J\xd5$Jl\xa2& \xe5\x8a\xa5V\
\xa2\xe5\x02R\xa4^)R8\xa3\xb6'\xaeT\xbd\x96\
\xe6T!\xa4\xa2\x8a+\x12\xe4\xc0\x81[\x1bqEP\
\x01j\xac6mH\x9a\xb8(\x8b\x1b\xc5\xd8\xde]\xef\
\xcc\x1b\xb4\xebB\xc5<\xcd\xbc\x99y\xf3\xbd7\xa3\xf9\
>\xc5\xb0)\xc06\x1a\x0d\xcf\x8fre:\x1d\xa4h\
\x14\x7f\xbf\x8c\x02\x8e\xe3\xda\xc4OL\xe4:\x9b\x9b\x9b\
\xfa_\x8cJb\x80\xd4\xcf\xbes\xcd\xc2\x9a\xd1\xba\x0a\
\xa2\xac\xb5\x88\xb5\xa9O\x06c\x0dXk\x95Rm\xc4\
\xdc\xd9y\xf2\xeb\xe7\x09V%Y\xdf\x5cj\x5c\x89M\
p+\x08{\xc9\xa1\xb4\xa7\x96\xce%\xad\xe1\xb9y\xac\
\x95t\xcf\xf3<\xc4\xea\xab\xbb\xdb\xbf\xad\xabz\xfdR\
60\x8f\xb6&\xc6\x17\xa7K\xf9\x93V\x1b\xe3&\x18\
\xb1\x82Hzk\xc2\xe8\x88\xc3\x17\x0fP\xb8\xc9\xd2X\
PJ\xb1[\xce\xdb\x9ab\x94\xea\xea\xb9\xf5\xad\xc6\xdb\
\x9fLh\xad\xac6(#\xa0\x0dhI\xc0\x86x\xe0\
\xd0\xdc\xfb\x92_\x9a7\xf1\x9c\xbc\x15+J\x89\xf86\
/5\xef\xf5\xa9\x15\xde\x9a\xff\x08#\x8a^\x18\x11k\
\xe8\xf6\x0d&\x16\xa2H\xc8\x17\x84b9\xc3\xa9\xfc*\
\xc5\xe8\x0bz\xc1\x9f8n\x16\x0a\x85\xf4v^m\xea\
<\x22B\xac-Z\xc3\xc8\x88\xa2~&G\xf7\xb5\x90\
#\xcfp\xb2\xaax\x7fy\x84\xeb\x1b/\xe8\xd6.\xe1\
H\x80y\xfe\x17\xee\xbd\xfb\xc3\x04\x07\x07Md\xd9\xc5\
\x98\xa4bL\xb1\xa2\x18\xbf\xdcG\xb2\x11c(\xc6\xc9\
P\xcd\xb9\x14\xde\x8b\xe9.]\xa4$.\xa1\x97\xc39\
}\x9aS\x9f}\x8a\xd7ln\xb0\xb3|\x8f\xc5\xd9\x0f\
(dK\xf8\x81\xe5\xf2\xd3\x9f8W)s\xbf}\x8c\
c-\x17F\xc7\xf9j\xff9'\x1c\x878\x16\x8c\x97\
#:\xbb\xcc\xc1\xc2\x0a\xde\xc2\xc2\x0a?\xfe|\x9d\x96\
\xff\x80Qw\x12\xbf\xe2\xf0\xf1\x89\xf3\xdcx\xe3\x0c\x1b\
\xe56\xad(\x22\xd0\xc2\xed\xf99n\xef\xb5\xd8\x8ez\
8\x02&\x8a\xc9\x8cN\xe1%\xef\x10\xa3\xf9\xfd\xf1\xd7\
\xd8\xa8\x87L\xce\xb2h\xde\xa5o\x85V?`?\x1a\
\x90\x11\xf0\xc5\x12\x0c4\x12\x1b\xc4U$?\xc5As\
\x98 ae\xd6+c3e\x1c\xbf\xcd7w\xef\xb2\
\xb7\xf6!\x0f\x8f:\xfc\xd1\x0fQ\xd6\xc1v\x03\xb2\xca\
\x83|\x918\xb6\x94~\xf8\x9e\xa9V\x13U\xaf\xd7\xb3\
\xbd\xd0\xdb\x12+\xd3\x22b\xad\x88\xebhM\x7f~\x86\
\xcc\xd8\x18\xde \xc6\x94\xc7\x08WWQ\xdf~\x87\xf8\
\xbeQ\xc7\xc7*\xb7\xf3d\xb7:Y\xa9\xa5T\x9e\x9e\
]\xba\xa2P\xb7\xe2x\x90R51\x15\x84\x88\xd6C\
\xb5D\x11zn\x0e\xfa}\xdc\xfd=\x9cb\x09\x19\xc9\
^=|\xb6\xbd\xfe\x9f\x98\xa6g\x16\xaf\x89\xb0&F\
W\x13\xaa\x0eI\x8cJ(\x9d\xc8\x890\xc0\xba\x8eU\
^\xb6\x8d\xe2\xce\xe1\xb3G\xaf\xc4\xf4?9\xfbQ\xb9\
C'!\xd70\xd6y)\xe7J%\xcd9\xf30\xd7\
\xd9\xe4\x95\x9c\xff\x01\xbf\x15\x97\xc5\xf8=/\xcc\x00\x00\
\x00\x00IEND\xaeB`\x82\x89PNG\x0d\x0a\
\x1a\x0a\x00\x00\x00\x0dIHDR\x00\x00\x00\x14\x00\x00\
\x00\x14\x08\x06\x00\x00\x00\x8d\x89\x1d\x0d\x00\x00\x03\xc4I\
DATx\x9c\xa5\x95OlTU\x14\x87\xbf{\xdf\
{\xc3\xb4\x9dR\x94\x0a(\xad\xa2%6\x18Sbt\
\xa3`\xe2\x96`\x95Ec$\x81\x85n$\xea\x02V\
\xba3,\x8c\xcb!jLP6\x06\xe3\x8a\x85\x09\xc6\
\xc4\x10ct\x87!\x02i%\x15\xa9@\x02\xa5\x95\x99\
\xa6\x7f\xa63\xd3\xf7\xee=\xc7\xdc;\xb4\xc5\xc4\x95\xde\
\xbc\x97w\xe6\xce\xdco\xce\xfd\x9d\xdf=\x0f\xd6\x87\xe5\
\xbf\x0f\xbb\x1a\x98\xfb&dxd\xcf\xa8U3\xe6U\
\xb6\x22b\x141h\xf8Z\x91\xf0\x10\xedDj4~\
0fV\xbd\x9e\xb9~\xed\xe2\xd9U\x86\x81\x0f,\x1c\
\x97]#{\xab\xd6\xa6G\xbd\xf7\xa8\x08a\xa9\xaa\x06\
\xd6}\xb1\x22\xeaQ\x0d\xd00\x0b\xd6Z\xd4\xcb\x89\x1b\
S\x97\x8e\x05V\xcc\xf0\xe9\xdd/\xedw\xea\xbem4\
j..DM\xc4\xdc\xcb\xae\xb3\xb8\x03O\x922\xd6\
dh\x04\xc7A\x96\x95R5\xec\xbf\xf9\xc7\xa5\xef\xd2\
\xb0\xa4\x95\xcf\x1f*\xa5\x9bdx\xc7>\xd2\xa4;\x95\
\xb0\xb5\x98\x8d\xa2r\xef\xa9\x8a\xf7\x8e\xd9\xfa\x05\x9a\xad\
\x99\x08\x8e\xff\x80:\xef]\xd8\xeaa\xa0\x03\xdc\xd8=\
\xd0\xbf\xff\xc5\x13v\xeb\xe6!-\x1cx\xdf\xb9]\xb8\
e=\x0e\x19/4\xa6\xf9\xf9\xc2;\xcc-L\x90\xd8\
r\x983\xaaj\x15\xfa\xd7\xaa\xb3\xf7\x99\xf7u`\xdb\
\x10K\xcb\x05\xcdVN\xb3\xbdB+o\xd1\xce\x9b\xe4\
\xade\xf2v\x83\xa2\xbdH\xad^#\xb3\x8f\xb0\xeb\xf1\
#\x88+\xa2\xd6\x84\xecMP\xae#P\x04\xf6U\x1e\
#\xcf\x05U\x83\xaa\xc5{\xc3\xc2\x02\xcc-)3\xe2\
\xb8\xe5rji\xc1\x9b\xefV\xe8\xdd\xd2\xa2M\x1fY\
\xb9\x07Mm\xa7@\x8dF\xa7h@\xdc\xb2\xf3\x0e/\
\x16/\x1e\xe7\x94$S\x0e\x8e\x95\xb1}\x9e\xf9\xed\x82\
\xc3\xe0\x10v\x0f\xa6<\xb9\xdb0z\xbeD\xbe\xf4\x11\
\x89Z\x8a\xc2c\xbf\xff\x81\xec\xec\xd9u\xa0z\xc5\x8b\
Dp\xd0\xcc\xac\xc0\x8d\xe1y\xf2\x81\x15Z\x0d\xe8\x0e\
\xd6\x10\xa5,\x9b\x98\xcfVhlV\xa4\xe7a\x08\xda\
\xaaA\x8e\xbc\x15B8\xf5I\x078y\xf3\x1b\x1e\xea\
?\x86\xb5]X\xf5\xb8\xb6\xe1\xc3\xeb\xd7\xb9],\xf2\
\x82\xd9\xc8O\x8b\x0b\x18\x81|P\xa9\xde\xba\xcd\xd5F\
\x93\x07LB\xee\x05)<^\x13\x8a\xe7\xf7\xac\x03/\
N\x9e\xa2\xf0\x9e\x9d\x83\x07\x10\xb1H\xe1(\xa7m\xaa\
\xdb\x9e\xe0\xb5\xee~\x0e\xfe9\xc9r\xe199s\x87\
\x8dI\xc2\xb3\x95J\x84\xfa\xe0\x005\xd1\x05\xe2\xef\xd3\
0M\xca\x5c\x9e\xfc\x82\xf1\xab_\x92\x98\x8c\x5c,\xcf\
\xbdQ\xe5p\xef\x16\x96\x9c\xa3\xfa\xe8\x10\x1bb%;\
\xb5\xac\x15\x05/\xff:\xce_.\xc7H\xf0g8Y\
f\x1d\x18\x0cZ\xcazq.\xa7\xd06]E\x99\x89\
;u\x8e/\xdd\xe5H\xd2\xc3\x81\xc9+,\xe6\xc1\xa0\
\x1a5\xce\xbd\xd2X)0A{'\xb8\x9e\x12\xd9\xcc\
\x9d\x88\x8c@\x91`N\x17KolJ\xdb-\xc2\xc9\
\xcf\xf8|\xa0\x8fs\xdb\x07\xa8e%Z&\x0d\xbf\xc3\
\xb5r$o#]=\xb8\x00#!\xfdm\x9c\xbe\xaf\
O\x9b\xbb\xab@\x83\xd6b\xfb\x08\xa5\x0c\xe5*\x97\xd1\
\xc9)\xec\xdb\xef\xf1\xfbS\xc3\xa4IB\x16\x8e`^\
\xa0\xfb\xf6\xa1\x0f\xf6S\xfe\xf8S$\xcb\xd0V[7\
\x5c\x99\x90\xa4\xb9\x5c[\xdb\xb21\xfa\x955\xf6u\x8d\
.\x0d\x96\x13\xa3\xe5\x0d\xf8\xfa\x1c\xd9\xb9\x1fc\xe6A\
r\xe3\x1d\xa5\xf3\xbf \xaf\xbcJr\xf92Y\xbd\xa6\
\x92&\xd8J\xaf\xa5\xd2}\x9az\xa7\x1f\xc6>\xb6c\
h\xa4\xaa\x98\xa3\xa1\x01D@P?\xf6\x9cx\xac\xd6\
\xa0\xe49x\x87tu\x83+\xb06\x09%>1;\
=u,\xb0\xfe\xd1`\x07w\x8e\x8c\x1a\x911U\xd9\
*\x12ZX\xd06$\x1d\x04\x09W\xc7\x1a\xb1\x91E\
\x9f\xd8Y\xe0\xcc\xec\xf4\xb5\xb5\x06\xfb\xafm\xfc\xff\xbc\
\x02\xfe\x06\x97@V\xeeZ\x5c'\x8f\x00\x00\x00\x00I\
END\xaeB`\x82\x89PNG\x0d\x0a\x1a\x0a\x00\
\x00\x00\x0dIHDR\x00\x00\x00\x18\x00\x00\x00\x18\x08\
\x06\x00\x00\x00\xe0w=\xf8\x00\x00\x05\x08IDAT\
x\x9c\xad\x96K\x8c\x15E\x14\x86\xbf\xaa\xea\xee\x19\xee\
\x1dG`x(\xa8L\x04\x91\x87\x8c11j\x145\
&\x12\x17\x12]\x901.\x5c\xf8H0Q\xdc\x19\x1f\
!>H\xc0\x8dn]hb4.\xd4db\xa2\xc6\
\xc7B\x94 Q\x221(\x12\x02\xc2\x0c0(\xaf\x19\
\x19\x98;\xf7\xdd]uLU\xdf;3\x17\x97\xdaI\
\xf7\xa9\xea\xc7\xf9O\xfdu\xce\x7f\x1af\x1d\x83\x83\x83\
\x86\xff|\x0cv\xf8P\x97\x8de\xcd\x9a;V\x10G\
\xf7\x89\x93\xc5\x22N\xb9\xf6S7=\xc2\xe1\xfcef\
&\x88R\xfa<i\xb6kd\xe4\xd7\xe1\xb6\xaf\xb6S\
\x05\xaf)\xd8\xe6\xd6\x0c\xdc\xb5\xc3\xc1\xf3\x88J\xc4?\
\x17A$\xbc\xd7\xb2~\x1e&~\xd4\xb2\x1d\xf3\xa6\x88\
{\xeb\xe4\xf0\x81\xad\xf0\x9a\x86m\xa2<-CCC\
v\xd5\xc0]\xdb\x8dI\xb66\xebu\x11q\xb6\xf3C\
:\x01\x82\xf5\x91\xbb\x0e0\xc0$I\x97\x12\x97m?\
1\xfc\xfb+\x0c\x0e\x9a@\xd1\xda\xb5w.w\xc6\x1c\
\xad\xd6&%\xb3\x0d\xa5Dt+n\xda+h\x85>\
\x1d\xb1R\x86\xc8\x14[\xce]\x1b\xd8\x89\x88D\x91Q\
N\xb9\x95\x7f\x0e\x1f\x1a\x89\x02\x8b\xc6lh\xa6e\xbd\
p\xde\xdal\xc9\xc2u\x061\xc1\xb1\x0b\xdf\xfaH\xf3\
\xc8}\xc4\xe2$\xd0?9u\x9cs\xe3{Q*\x02\
\x95S.>0q\x99Hd\xb4\x98\x0d@\x0eP\xa9\
\x9e_t\xdb\xba\xe7d\xfd\xcd[\xd0\x0a\xac\x9bu\xda\
|\x7f\xdb\xe3,g\x85\xcc\xc2\xd1\x13\x9f\xf0\xcb\xa1\xd7\
QD\xb3\xf6*\xd0)(Y\xe4\xe7\x01\xe0\x86e\x1b\
\xe5\xee[\xb6\xa8,\x85j\x9a\xe2\x9c`}\xa4\xce[\
\x17\xc6V\x1c\xd6\xfaU\x09\x95\xb2\xc5\x18X\xde\xff(\
g'~f\xf4\xf4g\xc4q/\xce\xd9V^\x8a\xf2\
\xeb\xf5#\xed/\xab\xfb7\x11\x19!\xf5\xe1a\x90p\
[\x07+\xa2Q\xa9\xc1\xd4b\xa2z\x84\x9a\x8aX\xb7\
\xba\x9bb\x0f\xd4',\x0b\xe3\xb5\xb8\xd2$2U\x81\
r\x19IS\x9f\xb3\xd3Y\x1dV\xe0\xdd9\xe7o\xe6\
|\x87\xc8\xadPo:<\xe3\xa5\xf9\x0d\xa6\xe66\x02\
\xff\xa5\x9a\xe5\xf1\xcd}\xcc\xab^\xc1\xcb\xef\x97\x18_\
\xd0\x8b\x99\x7f\x0f\xa2\x8b\xb8,CFF\xe0\xc2E(\
\x16f\x00<X\xa0Df\xa8I\xad\xe3\xc9\xa7\xba\xb8\
\xeejEe~B\x96\x14B\x06yH\x9a\x9a\xa5}\
1\xcf\xbe\xac\xd8xh\x19\xddj\x1b\x99\xcd)\xcc.\
\x95Q\xef\xbeG\xb4s\xe7\x0c@\xd6l\x86\x15X\x1b\
\xaa2\xf0\xad\x1a\x8a\x9d\xe7KTW\x95P\x93\x9af\
\xe6\xe8R\x9ajf\xd9\xd4\xb7\x80\xa5$\xec<S\x82\
\x8a\xc5I\x05\xe7\xbf\xcd\x1c\xaeP\xa0\xf6\xf4f\xba\xc6\
\xc7a\xf7\x99\x1c\xe0\xc0\xf0\x07\x5c\xbbt=F'4\
\x9bU,\x82I5_L\x5c\xe0\xb7\xb11z\xca\x11\
\x8b\xe3\x98\xe3\xb5:\x95\xd4rs\xb1\xc8\xd7\x13\x13\xbc\
\xf1\xd7)\xfatD#sXQX\xa5q\xe5*\xae\
x\x05v\xc3\x03\xb0\xfb\x9b\x1c`\xf4\xecn\xbe\xdf\xf7\
*\xb7\xdf\xf4\x12q\xd4\x9b/-\x82\xa4\x10q%\x86\
\x8f\xfaW\x85<\xbf\xff\xc8A\x8ah\x1e\xfb\xe3\x08\xd5\
\xd4\xd1\x8db<M)z\xc7\x9e\xda\x90e*\xd0\x1c\
\x1c\xb4)\xea),\xe6\xd8\xe8\xe7\x9c:\xb3\x97\x05s\
W!\xda\xa0&\xab\x5c\x1c\xb8\x97w6>\xc2\xad\xd1\
\x1cF\x9b\x0dv\xad\x1e B\xb5s=\xec\xc9\xc1\xa9\
\x0a\xcf\x1c>\x86v\xedz\xf1@\xa0Zi\x94o\xb2\
\xcb\x88\xe3\x1e\xaa\xb5s\x9c\xa8\x8c\x22\x1a\xa2\xa9\x94^\
\xf5\x00\xa3\xcd:Ds\xa8[\xc7\x81r\x85\x185\x9d\
\x0c\x1e\xe1X\xb5\x86\x84\xc8\xdb\xcem\xb0*\xeb\x00\xf0\
W\x8b\xd61\xc6t\x852\xd1I\x8a;\xb0\x9f\x17\xc6\
n\x22.4Xdb\x9e8r\x98nQd6O\
c\xf1/Z\xa1\x07O\x0ba\x93m\x94@\xbdA\xe1\
\xc7\xdd4\xdb\x00\xbe\xf2re\xf6\xa2\x95\x8bZ\xda%\
\xa4_~J\xe1\xc6\xabx\xf1\xc1\x0d\xf4\xa0\xb9\xb6o\
A\xe09\xc8Fjq\x93SdIL#J\xb0i\
\xab\xd2\x9b\x19\xbd\x1f\x7f(=?\xeeQ\x97\xa6\x01\x94\
\x8c\xe1\xd5#\xa8d\xce\xaf\xf2\x5c\x9b\x98\xf4\xcd\xb7\xd1\
\xdf\xedar\xe9\x12\xffB.\x80\x8d&\xae\x7f\x19\xf5\
\x87\x1eF\xff\xb0\x87\xee\x9f\xf6\xe2\xe6\x14B\xa1EG\
\xff\xa0\xfb\xd4I\x95\xcd\x9b;F\xf9\xefV%[\xfd\
m\x16d,\x80x9\xd3a!J!I\x8c\xdd\xb7\
\x1f\x95\xed\x9b\xee\x0d\x0a!\xb2\x19\xc9\xc9?IoX\
I\xf2\xf5W\x90\xc4^y\x9d\x8bb%\xc5\xa2g\xfd\
\xdb\xbc\xa3\xf9><4d\xfbW\x0clW\xcalm\
4|\xc3\x11;\xbb\x17H\x90c\xfe\xd5\xc5\x98*a\
\xfb\xafG\x95&\xa1VC\xb42\x89\x89\x95\x12\xbb\xfd\
\xec\xe9\x91W\xbc\xb0\xb5Zf8]\xff\x8a\x81\x1d\xce\
\xc9\xf3\x08I\xe8V\xccr:\xdd\xc9f\x81xmo\
4\x10\xad\xdb=\xa1\xa9\xe0\xadsg\x8eomI\x9c\
O\x83\xce\xa6\x7f\xcd\xf25+4\xe6>\xc4-v\xbe\
jZ\x8d}\xa6\xcf\xb7d2\x18\x87\xf3\xce\x9d\x88\x12\
\xceg\xca\xed\x1a\xffk\xa4\xa3\xe9_v\xfc\x1f\xbf-\
t\xf8\xf8\x07@\xe5F\xb5'\xa9RK\x00\x00\x00\x00\
IEND\xaeB`\x82\x89PNG\x0d\x0a\x1a\x0a\
\x00\x00\x00\x0dIHDR\x00\x00\x00 \x00\x00\x00 \
\x08\x06\x00\x00\x00szz\xf4\x00\x00\x07\xc4IDA\
Tx\x9c\xad\x97k\x88]W\x15\xc7\x7f{\xefs\xee\
\xbd3\xf7\xdey\xe4\xd1\xa4&\xcc\xa4I\x9bI'N\
j\x8d$\xb6\x98TRP\x8bR\x10\xbd\x14?(\x08\
\xc6|j\x12\x0a\x82`\xa1\x14J\xe97\xf3@\xbf4\
\xa0\xb4\x82\xe2\x80\x8a\x10-\x08\xb5\x09\xb6\xd0\xd4\xa6\x8d\
S\xa5$\xe41\xe3\xe41\x93\xc7\xccMr\x1f\xe7\xb1\
\xf7\x96}\x1es\xef$\x93\xb6\x1f\xdc\xdc\xc3\xd9\xe7\x9c\
}\xd7Z{\xad\xffZ\xfb\xbf`\xa9Q\xab\xa9Z\xad\
\xa6\xf8?\x8dT\xd6\xd2\xf2\xc4\xdd\xaf^\x90\xf0\xa2I\
\xa6[\xb7\xfa\xc3q\xa5l\x8d^b]}\xf1\xb4\x7f\
\xf1\xabD\xb8\x90vr\xd2k\xc0\xfb\xd1]\xb2\xefa\
\x80\x00\xec\xc6\xd1\xc7vy\xbe\xbf\xdbZ\xb3\xcdX;\
\x00F`\x10\x16\x9b\xae\xb2\xf9\xccf\xbf\xf4\x9e\xcd\x10\
\xe9w\xeb\x86\x10\xcc\x838\x11E\xd1\xabS\xe7\xfe\xf5\
f\xae\xe3N\x03\x04\xb5\x9ad|\x5c\x8fn\xf9\xca\x01\
!\xe5>\xad\x0dZ\xc7Xk:J\xba\x95\x7f\x8a\x11\
\x9d\xef\xa0\xa4DJ\x891\xe6\xe0\xf93\x1f\xecO\xc3\
1\xee<aE\x1e\xa3\xf1\xf1q\xbdi\xec\xf1\x83\x9e\
W\xd8\xdbj5bk\x9d\x0b\x91\xd8%v\xee>\xe6\
\xaa\xee\xa1<\x99g\x0f\xd6Zc\xad\xa5T\xea\xf1\xe2\
8>4y\xf6\xd4\xbe\xcc\x08-r\xe5\x0f\x8f=\xb6\
S*\xffX\xd0\x0e#!\x84\x87@$\x0ase\xd9\
=\x17\xecT\x89\xec\xde\xd9\xb1\xc5\x1a\xbd\xc8\xb8nC\
\x8c1q\xb1T\xf2\xa30~b\xfa\xc2\xc4qg\x84\
\xd7\x89\xbe|\xd6\x18l\x187\x856\x81\x10K\xb9\xb8\
\xcb\x0bi \xbbwn\x11(|\xaf\x92\xbd\xcf\x0d\xcf\
d\xa4\x7f\x11Fk\xab\x94x\x168^\xabe\x18\x18\
\x1d\x1d-\xe0-;\xddh\xcd\x0f\xaf\x18\x185\x1b\xd6\
\xee\x94\xa5\xc2 &\x93c2O88,\xcc\xadM\
\xe7&5(\x8e\x03fo\x9c\xe4\xe2\xec1\xa4s\xa0\
P)~\x16{\xcf\xb8\x9d*OMN\x9d-<\xe4\
\xb2#\xf1\x80R\x0f\x94\x1b\xc1t\xdf\xa3#?d\xc7\
\x17\xf7\x8a\x82\xe7%\xcaM\xa20\xbb\x1b\xd0w<\xdf\
\xf9\xce\xcd\xcfO\xff\x99\x13\x13\xcfc\xac\xce\xa2\xb8(\
tB\x08\x17:\xd374\x14V\xa6\xa6\x98\xf3\x1c\xce\
&&\x8e\xf2\xe4\x93\xfb\xc5\xaem\xcf\x11\x84\xd0h\xc7\
\xc9\xce\xb4\xdb\xa5\xc9\xaeO\x98\xe7\x98\x88c\xc3\xba5\
Os\xbby\x99\x0f?~\x19\xdfs\xc5Aw\xe3\x00\
k]F;|\xa7C\xe6\x89\xb8y\xfd3\xc9\x02m\
\xe2$\x96\x16W\xb8\xee}\xb9\xefV(\x10\x8a(\x16\
\xdc\xbe\xe5v+i\x877Y\xb3\xea)J\xa5\xd5\x18\
\x1b%\xaa\x1c:\xdc/7\xb4S\x05@&q\xea\x87\
j\xcf\xe70\xc6\xad\x12\xc9\xce\xd2\x98\xa7\xbbL\x01\xe6\
\xf22\x11\x85\x8a\x05^,\xf0c\x01-X5\xa8\xd8\
\xb9\xab\x80\xd6\xa0[\x86\x02\x15\x8a\xf4a\x82&\x84\x11\
\x84\xa1\x03\x09\xc8t\xb7\x9d\x0a\x01\x9d, \x8be\xe6\
\xd2\x05\xf7b\x09\x03K\xbbm\x928\x87J\xd3\xac\x84\
\xc4\xc2$\xc6\xcc\xd75_\xfbR\x89\xef?\xd3\xcf\x86\
\x8d\x92C\xaf\xd7\x91\xca\xc0}\x83P\xbe\x0fD1U\
\xd8l\xc2\xb5\xebP,\x82W\x5c\xa8\xdb^GyG\
\xb1\xb3/G{\x14ZV\xac\x82Mc\xe9\xd2\xeb\xeb\
\x02\xea\xab\x03\x17\xc7\x0c'\xe0\xc9\x16\xf3Q\x99\xc7w\
\x14\x99\xd9\xa4x\xee\xec$Z\xefC\x19WM3\xcc\
\xb4\x028y\x0a\xef7\xbf\x85[\xb7`\xf9\x100\xd5\
1 U\xdeeH\x86\xdeV\xdb\xb2y\x8b\xc7\xd7\x9f\
\xce\x97\x0ed\xd7\xe2ap\xe1\x82o\xaf\x5c\xce\x81\x99\
i\xfe}[St\xd9\xe4\x0cp\xdeT\x05\xf4S\xdf\
 \x1e^G\xf9\xa5\x97\xa0>\x95{@@\xdd\x12\xc5\
\xad\x05t\xbbwy\xce;\x8f\xfd\xe3\xad\x88?\xae\x9f\
\xa6\xb1,D\xc6\x82(?\x1f\xac\xa5\x15\x1b\x1e(\x94\
xq\xed0}J\xf1\xb3\x0b\x17\xf8\xe8f\x83\x1e!\
\x89c\x9d\xa5k\x86\xa5\xd9\xab\xc4\x1bGh}\xf3[\
\xac\xf9\xf9\xcb %\x9ep(\xb5\x96\xe9\xab\xefr\xff\
\xcaMh\x1d!\x84\x9f\xfc\xc1\xa5\xa1\xd40_\x0e9\
\xee\xcfa\x9a\x86Fd\xf0,\x84\xdaRD0\x13D\
\xfcx\xe5j\xaaJ\xf1\xfc\xe4\x05\x0e^\x9afPz\
D\x89\xebS#Sl\x81\x91\x0a\xdbj\xd3\xde4\x9a\
\x22\xc0\xda4\x0b\x86\x86\xc68\xf5\xf1\x11.\xce\x9e\xa6\
\xb7\xc7\x95R\x97f\xee\x1c\x92X#1\x05\xa8\xf8\x92\
0\xb6|\xb5\xb7\x9f\xb7\x1e\xdc\xc2w\xfa\x97\xd3\x8c\x0d\
\xf7{>Go\x5cg\xe7\xc4\x87\xfc\xe2\xd2%\xaa\xc2\
#\xd0&U\x9c\x15\xab\xa4Z&^\xc8\xbc\xe1e\xe1\
\xb4N\x83\xe3\x12\xfd\xfd\x04Q\x9d\xa3\xc7w3q\xe6\
\x0f\xb4\xda\xd7\x08\xa3&Q\xdc$t\xa1\x89\x02\xe6\xc2\
\x88\xed=\x15~\xb9v\x03k\xfd\x02\x0d\xad\xe9\x15\x92\
\x92\x90I8&[\x01+\x94G\x8f\x10\xc9\xbbv\x9c\
\x19\xb1P\xb42odF,J\xc3z\xbdN\xb1\xb7\
D;\xb8\xc1\x9b'~B\xb9\xb4\x0a\xdf+c\x84E\
\xb6#\xda\xc3+\xd9\xf0\xa3\x17xmh\x04_\x08\x02\
k80\xb4\x81\x92;\xe3\xd32\x93\x94]\xa7,\x09\
\x9b\x10\xfc\xf4\xcc9\x0eO^\xa4_)\xe2\x0c\xd49\
\xc8E\x17'\xf2:ih\x10\xd2\xa3\xe8\xf7%\xdeh\
\x07s\x08)\x89\x1bu\x06\xfd\x11\xda\xf4p.h0\
R\xaa\x10\x18\xcb\xa9\xc6\xed\xa4\x8c&\x95\xa2sP&\
\x06\xa4\x1ei\xa3\xdcs\x17\x08\xf3\xcb\x9d\xb4K\x14\x22\
\x9bHH\x0c\xc1CJ\x8b\x15\x12Y(Si\x15\x99\
\x99\x9b\xe3{\xe1M^\x1f\x1easo\x99_\xcd\xce\
\xf0\xda\xcc\x0c\xfdR%\x80\xd3]\x0a\x5c\xeeK+\x12\
\x0fE\x0e\x0f9\x16\xb4\xc1\x08\x85\x7f\xfdzB!]\
\x16\xc8E\xfa\x17\xea\xb4I\x5ckM\x8c,\x96\xf8\xef\
G\x7f\xc2\xbe\xf1\x06\xd7*U~p\xfa?\xfc~v\
\x86z\x10\xb0\x0cA\xc5B\xd5B\x9f\xbb#\xa9J\x8f\
>\xa9\xe8q\xe1\x884\xd6\xa5b\xac\xb1Q\x8c\x96*\
\xd9d\xdf\xdf\xff\xb6\x90\x05^G\xff\x02\xdf\xea&\x11\
X\xadQ\x95*\xad#\xbf\xa3\xb4|\x05\xd7v\xed`\
\xcf\xd5+\xf8VP\xe8\x1fH\xc2\x91\x14\x1b\x17\xe7V\
\x1b\xd3la\x84\x87.W;^q\x1er\xe2\x9a-\
*\xbf>B\xe1\x83\xf7m}l\x0c&&\xb2\xb3p\
t\xb4\xb0>*\x9c\x8e\xb5\x196\xc6E-\xf5L\xe7\
,O\x0d!\x8a\x90\xdb\xb7\x22?\xff0ZyhG\
\xa1r\xd2\x12\x85\xe8-_ \xda\xb8\x11._A\xbd\
\xfd\x0e&v\xa46\xad\x01\xe2\xd6-\x0a'\xffi\xfc\
\x0b\xe7\xa5\xa8V'g\xa6\xfbRBRK9a\xc8\
\xc6G\xdf\x93R\x0ei\x1d\x1b\xe1\x08}\x17\xb2\x12\xd7\
(\x89\x95\x05\xf4\xdb\xef\xa2\x8f\xbd\x93\xd1\xd9\x94\x17\xba\
mxZ#\x07\x070{\xf6\x10\xec|\x82\xd2_\xff\
\x82:s\x06\xdbS\xc2\x1a\xc7\xe9-\xc6\xf7\x0d\x95\xaa\
\x90\xc6\xbc\x97\xf6\x0a5\xe5\x8d\x8f\xe7Y\x10\x1f\x96\xd2\
\xffnNcSz\xdf\xe5\x01\x87\x227\xca\xbd8\xb2\
\xbf\x98\x19[\x8c{\x17\x84\x94^y\x05{y\x86p\
\xfb\x97)]\x9c\xc6T\xaa\x09\x02\x1d-\xb6Z[_\
 \xac\xd6\x87Sa\xe39\x1dI)\xf2\xf0\x83\x8f\x1c\
TJ\xedm\xb7\x9a\x9fJ\xcb\x97\xec\x09\x12\xbb,\xa2\
\xddF\xafX\x89\xb8\x99A\xcd\x9a\xe4l+\x95J\x9e\
\xd1\xfa\xd0\x95Kg\xf7e\xccFw\x1a\x13j21\
\xe2\xa1-\x07$\xae1\xd1ic\x92\x1d\xcf\x8b8\xff\
],\xf9\x8e\xbe\xc0y#\x8a\xb0R\x91p@!Q\
.\x84\xc6\x1e\xbcr\xe9\xec\xfeLy\xa71\xe9\x1a\x09\
\xdb^\xb3~t\x97/\xd5nk\xd8f\xad\x1dp\xd9\
\x9b\x1e\x91];7\xf7jH:\x0dZ\x86\xe2y!\
9a\xc2\xf0\xd5\x99\x99\xa9{\xb6ft\x0d\x97\x01y\
\xb1\xf4\x87\x87\x1f)[\x9b\x18\x90\xb0\x98\xbc\x0fM\x9f\
\x96\xecI;\xa3.l\xbd>\xd9\x00\xb2\xe6t\x91\xec\
O\x1a5\xe5Z\xf4\xcf\xb0\xf03\x8eD\xd6\x92\xf2\xfe\
\x07j\xb2^\xbb$\xc42\xbf\x00\x00\x00\x00IEN\
D\xaeB`\x82\x89PNG\x0d\x0a\x1a\x0a\x00\x00\x00\
\x0dIHDR\x00\x00\x00(\x00\x00\x00(\x08\x06\x00\
\x00\x00\x8c\xfe\xb8m\x00\x00\x0a!IDATx\x9c\
\xbdYm\x8c]E\x19~f\xce\xc7\xddo\xb6\xd7\xdd\
\xe5\xabli\xda\xdavIia\xb1\xd0J\xdc\x80\xb1\
\x12b\x88Q6\xd6\xa4\xfda\xa8\x22\x82\x01I \x18\
DQ\x7fHH\xd0D\x91H,&DM\x1a\x96\x10\
B\xfc\xc1\x1f\x89\xadi+\xc4\xa6\xa5b\x13\xecn\xbb\
\xb4\xdd\xdd\xde\xdb\x96\x96\xdd\xfby\xe6\xcb\xbc3\xe7\x9c\
{\xee\xedeW\x12\xe2$w\xcf\x9c\x99s\xce<\xf3\
\xbc\x9f\xf3.\xc3\xe2\x8d\x01\xe3|l\xac\xc8J\xa5\x12\
\xc3\xa7\xd8zzz\xcc\xde\xbdC\x06\x98\xd0\x00\xcc'\
\xff\xc2\xf8\xb8\xf7i\x02Z\xbc}\xfcZ\xedXa\xc0\
O\x18\xf0S\xda\x19[\xb3\xfe\xd6\xcdA\xe8o\xd2\x06\
CF\xe9\xa6\x0fi\xe8\xa4\xd34\x9a\xfeM\xfe\xf0\xe6\
g\x8c\x81\x02CQkqd\xfa\xf8\xd1wb\x06y\
|5\x8b\x01L\xee\xcd\x9a\x1b\xb6l\x0f\x03\xffq\x00\
7\xd1\xb0\xb1\xaf\xb9w\x8d\xbbIWs_5`i\
\xdf\x8d\xc7\x0f$\x03n.\xee\xd3B\xc6h\xba?,\
\x85x\xf6\x83\x13G\xf7d\xd7o\x07\x90a|\x9cc\
b\xc2\xac\xbf\xf1\xf3/\xfa~\xb8K\x88\x08RDF\
\x1b\xa3\xb2`\xd2\xf7M\xb2lv.E\xe8\xe6\xd2G\
\x1b}{G}\x06/\xf0}\xe6\xfb\x01\x84\x88vO\
O\xbe{?0\xce\xb2z\xc9\x9atnbB\xad\xdb\
\xb0uw\x10v\xdcW)\x97\x04`<\x80\xf1\xa5\x01\
\x99\x16\x10\x8b\xcd\xb5<gh\xffFuuu\x07\x22\
\x8a^\x9a\x9ezw\x97\xd3\xc9\x09K\x0a\xc9\x1d\xe31\
\xb8\xb5#[\xee\x0d\x82\x9c\x05\xc7\x18\x82\xa5\xc1\x99\x8f\
\x07\x17\xcb\xd3]\xb2s\xad\x9b`\x9c1\x16T*e\
\xe1\x07\xfe}\xc3+7\xdc\xeb\xc09\xc3I\x18d\xc0\
\x98\xb7n\x83:\x02\x98\x11)\xa5f\xe0^\xaaQ\x9f\
\x949\x93\xfc!\xdd%\x96TC\xac\x8d72z\x0a\
h\xad\x95\x1f\x04\x9c3\x1c\x9b\x9e<\xba\x09\x80}\x89\
%t\xae\x19\xb9ms\x10\x06o\x8b\xba0BV\x99\
P5p\xe6\x8c\xd6\x19\xc0\xe5\xa23\x0dj\xdb\xea\x99\
6\x92\xd4\x0c\x81\xdf\x1d\x03r\xa6\x9c58w\x9fn\
\xde\x84\xb9\x90\x09)n=s\xf2\x18Y\xb7\xe7\x93\x13\
\xde\xbb\x17\xf0<v\x0bg\x9e\xa9\xd6\xcf\xa9\xa1\xfc\x88\
\xbfv\xc5]X\xd6\xb7\x0a\x8c\xf9\xf6\x83\xf4\x11\x1d_\
\xdd\x0f\xd0\x99~2\xae3\xf7\xd5\xda\x87\x98)\xee\xc3\
\x99\xc2[\xe0\xcc\x07\xe7\x1e4}\xa4\x1d8\xbb!\xa2\
\x9ay\x1e\xd8-\x00\xde\x19\x1b\x1bc~\x12!8\x0b\
\x06k\xf5yv\xd3\xbaoal\xf4\x11\xe4\x820\x06\
D\xf4\x13\x18\xf73I_\xc7s\xa61\x9f\x9dK\xde\
]5\xfcM\x9c\x9a}\x13o\xff\xebIHY\x05K\
\xa4\x92uU\xa9\xf8\xed&\x99al\x90\xee\x08\x9b\x9f\
<\xf2Q\xf94\xdb\xb4v'\xb6my\x1c\xf5\x08\xa8\
\xd4\x94\xd3@\xedX\xb1\xcc\xd8\x85\x13\x96\x8ce\xc3m\
\xa0y,a\xda\xf6\xb5\xc6\xf0\xd5wAi\x85\x03\x87\
\x1f\x81\xe7{\x89\xa4\xdb\xaaJ\xcc~\xea]\xac\x15S\
\xeb\xea\x18\xc2\xe6\x1b\x1e\x84R\x80\xd2:\xde)\xff\xf8\
\x9fqW\x93\x19\xcb\xf6\x19\xe7\xe0\x9c\x93\xc4P\xae^\
\xc05C\xdbp\xd5\xc0\xed\x10\xa2\x04\xc6\xe2\xf5[\xfc\
j\xc6\xcd\xa7\x8d\x8f\x8e~\xc7v>\xbb\xfc+\xe8\xeb\
\x1e\x82\x94d{\x89\xf55\x98i\xd6\xb9f]\xd3M\
\xe3n\xac\xb4\xa0Q*\xc5Fa\xb10\x0c\xe6\xb7\xc2\
\x18\x19;\x8f\xcb\x99k\xb4\x06\xc5\x1c\x18\xb5\x9d\xfe\xbe\
\xeb\xe1\x91cI\xf4.\x03\xc2\xe9W\x03Djt,\
\xf6k)\x0a\xd7Q\xd2\xe0\xce/\x87\x18\xfbbhA\
\xda\x10h\x0c\x82\xa0\xdf\xb9\xd6\x8c\xceYWDLs\
\xe6\x18\xa5u3PS\x1dt\xcd\xc5\xdc\x94\x91X\xe7\
R\x96\x00H\x05H\xe9\xc6\x10\x01\x8a\x01\x92SLu\
cQd\xd0\xd7\xcf\xb0}g\xa7\xfdbg7\xc3\xab\
\xaf\xcec\xa0\x87^\xd6\x80\x90\xb4\x05 f\xd2\x90E\
\xd5\xeb\x80\xc7a::\x1ck\xba-@\x9dZa\xca\
Z\xd6\x18\x00\x08a\x90\xeb0\xb8\x22\x0fh\xc5p~\
e\x09\xc5\xd5%\xd4;\xa4}7\xd9\xd4i\xa3\xf0\xfa\
9\x89{\x06\xf2\xf8\xfa7:1\xb7n\x1e\xbf<\xf3\
o\xe4\xf45\x08*\xcfY\xfdu\xdf%\x9c\x0afv\
\x0e\xfc\xaf\x7f\x03\x0e\x1f\x01\xfa\x83&\xcaR\x80\x0d\xd7\
\x10\xb3\x91Z\xa6\x9b'p}\xfd\xc0\x83\x8f\xe5\xd0\xdb\
\xc5\x1c\x9b\x1e},\x7fYJDs\xca8\xa9Im\
\xf0\xd0\xc6+q,\xff\x11\xfeT\xacb\x99\xbf\x0eB\
\xe9Tm\xec\xba##\x10w\xdc\x01\xbe\xe7\x15\xe4&\
^\x83\xce\x85\xed\x18\xa4]5\xbb\x91V\xc3 \x0b\x8f\
\xaa@\xa5G\xbb\x04N5Cs\x1aE\xe0\x0c\x143\
\xe8\xf08\x12\x83\x95U\x06^\xd3\xd0\xac\xea\xf49v\
GV:\x8a\xbe\xc7P\xdf\xb1\x03\xe1|\x09\xc1+{\
\xb2\x00\x0f\xd9\xce|i\xd6\xea\x975\x92\xd417\x98\
d\xbeA\xb9\xc0\xf1\xc4\x9e\xf38>>\x07^\xe5\xd6\
H(\x04\x12\x0bR'\xac\x00u\xa5\xf1\xa3k\xae\xc3\
W\xf3\x03\xf0\x18\xc3\x0f\xa7Ob\xcf\xf9\x22\xae\xf0|\
\xf7\x1c\x18\xb4\xb5\x09\x1bD\xa19\xb7 \xb1PF\xf5\
\xee\xbba\xf6\xed\x03\xa6.Xd\xfc\xd0!\x07p\xf2\
\xcc_\xb0P\xb9`\xe3\xaf2\xaa\xc5m\xb8\x9d\x92g\
<;\x5c\xc2Y\x13\xe1\xbc\x14(\x0a\x81\xf7kU\xbc\
_\xab\xe0l$P\x8c\x04N\xd7k\x96\xcb\xaf\xe5\x07\
\xacG|b\xfa$~=;\x83\xfe\x18\x5c\x1a\x16S\
\x95\x8a\xfbd0\x91\x80X\x96G\xed\xb6\xad\x8e\xbe\xd1\
\xd1\x06\x83\x97J'\xf0\xee\x7f\xfe\x80\xdb7>\x86Z\
D\xc0\x08$K\xa3\x04\x09A\x1a@\x86\x0a\xa1\xe6\xf0\
\x0cCY+<9t\x1d\x020\xfc\xaa0c\x17\xf7\
\xb9\x87\x8bB\xe2\xe1\x93S\x88\xb4\xc6\x9e\xe29\x0cz\
\x81\xd5Eb[e\x22M\xb3\xa4\xe21\x8a\xd7\x03\xf9\
X\xc0\x16\xa0k}]\xcb\xf1\xde\xf1?\xc3c\xfd\xb8\
y\xfd\xb7\xedb$r\xd2!n\x0f\x11\x1a\x1e\x85q\
x\x96\x89\x05\xa9\xf1\xb3\xab\x87\xb13?du\xee7\
gg1'\x22\xf81\xdb\xbf\x9b\x9b\xb3\x0b\xf6\xc6\x80\
\x9d\x04\x18B\xebZL\x93\x0a\xa5\xbaOr'\xd0\xe4\
\x8e.\xb7b\x09\xdf\xef\xc4?\x8e<\x83\x99\xc2\x01\xac\
\xba\xee\x1e\xf4v\xaf\x88\x8d\xc79O^1\xa8\xd5\x19\
j\x1a\xf8\xf9U\xc3\xd8A\xe0`\xf0\xda\xc5\x0b\x18\x0e\
sX\x9b\xebL\x19\xe2\xf1\xa2\xc4\x9c\xcd`\x0c0W\
\x8f0U\xaeZ\xc6\x1b\xc0\xe2 \x900\xd8\x1cRZ\
\x1c\xb51\x08\xc3>\x9c.\xec\xc7\xa9\xb9\xbd\xf0\xbd\x0e\
K!\xbd\xc38\x03[(A\xdc\xf9\x03<\xf0\xa5\x1d\
\xd8\xd1\xf3\x19\x08\x8a\x0e\x8ca<?`\x7fK5\xda\
\xe4\xc6\x83\xff\xb4 \x13&\x13=w\xde\x82\xc6\x9a\x0f\
\x89M\x00\xc9\xa6\xb4V\x08\xfd\xee8\xaa8c!1\
\x93\xc5\x06~\x1f\xfaz\xd7`\xaa:\x0f\xd9\x95\x87\xcf\
\x9d?<\x1d\xd5\xad\xbe\x11\xd84\x0cf\x81\xd1\x06\x01\
\xcc\xd4\xea\x98\x17\xd2Y\xbe\xcd\xff\xe2\xb4-\x93\x15Y\
\x06\xdbG\x92F\xc0\xb6\xce:\x93\xc6\x93\x98\xa5\xaaa\
Y\xe7Z\x5ci\xae\xc5\x9b\x97\x0a\xf8~I\xe2\xf9\xeb\
W[7\xf2^\xa5\x8c\x87NL:\xfdI\xd2\xafl\
*\x16\x8b\xbd,\x94\x05G\xde\x80\xbcJ\x96A\xa7\x97\
\x8c\x22\x02xq6Ft\xa8\x91n\xd9\xad\xa4'\xdc\
\xd6\xb3\xac\x86\xc7B,\xd4Na\xea\x8d\xe70\xe8\xf7\
\xe2\xd5\x0bE|wz\xd2\xce\xdf\xdd\x9f\xb7\xc6PQ\
\xca\x1a\x90\xb0?\x83HiD\xda\xd8>E\x8f\x90\x91\
\x89%\xc9n\x02,\xee\x93\xb3\x0eB\x04\x85\x02\xba\x0e\
\x1c\x88\xf1\x1djM\x16\x1c\x8b\xac\xcd\xc1\x86v\x1e\x05\
\x11\xb0\x7f?\xd8[\x070\xb0\xed\x0e\xbc>{\x16\xe7\
\xab5\xca\xfeP\xa8\xd6\xe9\x18\xe8\x0c\x22v\x9eL'\
\xa9\x9b\xdb;\x81\xd0\xaa\x91\x88\xa4q\x9e\xc6<\x0f\x08\
B\xf4\xbe\xf1\x1a\xc2K\x1f^.b\xc3\x98\xa1\xb4\xa8\
\x91<6\x9f\xba\x9c.z\x80\x1f\xa0\xfe\x8b\xe7\xad8\
\xfa\xbf\xb0\x15\xfb\xa5\x84\x92\x0a]==\xd6\x82\x9b\xc4\
J \xca\x15\x07\x8c\xc6\xc3\x1ct|.I\xe7\xad\x87\
\xe0`\xe52\xba\x7f\xff[t\x1c\xfc;\xd4\xe0\xa0\xc1\
\xa9\x8b\x0e U\x99\x1c }\xce9\x87\xf6\xe0\x5cG\
\xbb\x9d\xd6j\x88\x9ez\x06b\xcb\xe7\xd0\xb9\xf9f\x98\
\xbe\xbeL\x94\x88\xdf%\xc7\xcc\x18\xd4\x86\x1b\xa1\x83\x00\
&\x92`\x93S\xf0\xcf\x16\xa0=J\xfb\xe3\xcd(\x05\
o\xe6\x0cr\x07\xf7\xc3\xfb\xe0$\xcc\xb2\xbc\x81T\xe7\
\x9c\x88{l\xeeouv\xf9\xca\x8d\x9bs\xa1\xffv\
\xbd^Kb~3\xb8l\x92i\xcd\x9a\xd8);\x85\
\xa2X\x9a\xf0\x9e&\xb3\x00\x13\x02j\xf4f\xd4\xbe\xf7\
\x00\xe4\xca\xd5\x08\xff\xf82:^x\xc1n\xc8f\x1e\
\xb1~\xdb~\x18\x12\xc3&\xe7\xfb\xac&\xe4\xad\x1f\x16\
N\xdacg\xe6\xe0\x0eo\xe5\x9a\x9b\x8eh\xadG\xa4\
\x14\x9a1\xe6\xb5\x05\x97=\xd7rgc\xee\xb9\xe4\x80\
\x9f\x01J_](A\x0f\x0c\xa0\xfa\xe8\xa3\x90\x83W\
\xa2\xf7\xe1\x87\x5c\xe6l7\x19\x7f\x9f\x02\x88R\xca\xe7\
\x1e\xf78?673\x99\x1e\xdcc+\x1e\xa7\xabT\
R>\x1d\x86\x01i\xb5^\x12\x1c5\xa5`h\xf7\xc4\
\x22Y\xa1M\xee\xec\xa9\xcb^i\xce\xf4\xf4\x80]\xba\
\x88\xae\x1f?\x05\xff\xc0~\xa8\xe1\x15VE\x9cG\x8e\
\x9f\xa3\x98\xaa\x8d\x0e\x82\x80I\xa5\x9e&,\xc9\x81.\
\x93\xd0\xb9\x0a\xc3\x8aU\x1bv\xdb\xfaL\xa5|Y\xf1\
\xa8\x09\x5cK\x09\xc44\x89\xb8\xb9\x04b\xcf\x1cR\x82\
I\x09\xdd\xdd\xed\x00\xdaD\xd1&\x22\xe4tUgg\
g \xa4x\xa98{bW\xa2v-\x00]\xb9\x17\
\x980+V\xdf\xf8\xa2\xef\xf9\xbb\xa2H@Ia\xa8\
\xfa\xb4dm\x86ZK\x0d'\x1ej\xf4m6K\x19\
HR\xab\xa4\xfc\xc3gA\x10@J\xb1\xbb0{\xe2\
\xfe\x18S\x9b\xf2\x9bki\x01q\xf9\x8a\x1b\xb6\xfb\xa1\
\xff8\x8c\x89\x0b\x98\xed*[X\x04\x5c\xb3\x1fm\xf4\
\xdd\xfa\x94\xa8\xc6\x05\xcf\xc3BD\xcf\x9e/|\xb0d\
\x013;\x96\xec\x82]{\xfd\xfa\xcd\x9c{\x9b\x180\
d\x8c\xf2lVCO\xa5A]\xbb\x0e\x8f/q\xd9\
\xb7\xa9*\xec\xaaWi\xd82\x8c)\x18]4R\x1f\
)\x14\xa6\x17-\x01/\xd2\xfe\x9fEt|\xa2\x22z\
\xeb<\xc7\xd8\x18\x1b]\xe2\xdf\x10./\xff\x1f\x9b}\
\x98\x02\xc4^bk\xd1\x7fC\xfc\x17\xb1\xf7\xd5\x82\x8c\
\x9aMY\x00\x00\x00\x00IEND\xaeB`\x82\x89\
PNG\x0d\x0a\x1a\x0a\x00\x00\x00\x0dIHDR\x00\
\x00\x000\x00\x00\x000\x08\x06\x00\x00\x00W\x02\xf9\x87\
\x00\x00\x0d\x13IDATx\x9c\xbdZ{l\x1c\xc5\
\x19\xff\xcd\xec\xee\xad\xef\xce\xf6\xf9\x91\x04;\x18;8\
\xd4\x81\x10\xde\x82\x10HeUHU\x15\x89>\x90\x12\
JT\x81Z\xa9*\x11\x95\xfaP\xa9\xca#D\x11\xa5\
\x0f\x91\xbfZ\x15\xa2\x22Z\xd1J<\x94\xbf\x00\x09A\
\x0b4%Ui\x03B\x10\xd4\xe6A\x1e\xc4qc\xe7\
\xe18w\xbe\xb3\xefvwf\xaaofwo\xefn\
\xed\x84\x80\x18{o\xe7v\xbf\xdd\xf9}\xdf|\xaf\xf9\
\xe6\x18>Yc\xf8|\x9a\xfa,_\xc6FGGm\
l\xd9\xc2\xf1\xb9\xb5-\x1c4\xe6y\x08la\x82\xf5\
\xeb-\xec\xd8!\x12W\xec\xe1\xe1\x1b\xf2A\xe0\x9d\x93\
\x99b\xa2_h\xfa\x9eNY\x00\x9f\xa9\xc8\xe9\xe9\xc3\
\x15\x00A\x02\x84\x054`8/\x06\x18\xb0\x85\x01[\
e\x7f\xff\xc8\xa2\x8e\x9eE\xeb-\xdbZ\x07\xa8\xcb\x99\
R]\x12\x8c\x03\x92\xd5'[\xd5\xe7\x5c\x9a^\xfc\x19\
\xde\x88)B\xfa\xb8\xa9\x06Jz\xe9Y\xa9\xd4\xbe@\
\x88W\xa6&gw\x94\xcb\x07N\x03 \x81\xa94\xd5\
Jc \xba\xa6FV\xae\xb9\xcf\xc98\x0fqn\xf5\
\x0b) \x83\x00R)(\x1a\x94E\xafL\x80\x0fa\
4\x83U\xad`CZ\xa5\x873\x14\x0aL1\x0d\x95\
s\x0b\x16\xe7\x90BNx^\xed\xb1\xb1#\x1f\xfe.\
\x89k!\x06\x18\xb6la\xd8\xba\x95_\xbe\xea\x96g\
\xdc\xb6\xec\xc6Z\xad\x0a\xdf\xf7\x02(\xc5\x14\x18\xd1\xb3\
\x84X\x13`\xcfO\xf2\xf33\x83\x88\x9e\x884w\x8e\
\xe3\xd8N\xc6E\xb5:\xf7\xec\xd8\xa1=\xf7\x00[$\
\xb0\xb5a&X\x9a\xce\xafXu\xcb\xb3mm\xd9\xbb\
*\x95\xb2\xaf\x94\xb4\x19c\xcc\x8c\x97\x02\x1c\xe9\xb3\x10\
\xc3\xad#NhO\x02\xbcR)\xf7MGJ\xa5\x18\
C\x90\xcf\xb7;s\xd5\xb9\xe7\xc6\x0e\xed\xd9\xd8l\x13\
\xb11\xae\x0f\xc1_v\xc5\xeaM!x\x0fP\xce\x85\
\x80W\xe7\x05>R\xa1\xb4\xfbz\x1eh\xbei\xb6\x1d\
\xc2\xe2\xba\xee]K\x87\xae\xdcd\xc0\x13\x13\x8d3\xa0\
\xcf\x03\x03+\xbb;{{\x0eH\xa9\xba}\xdf\x03c\
\x8c_\x08x\x9c\x17\xf8\x05\xee\xab\xc4\x98d\xd9RJ\
\xc7q\xc09\x9b\x9e\x9a\x9b\x1a)\x8d\x8fOG\x0f\xeb\
\x19\x18\x1d\x1d%\x8eT\xae\xd0u\xa7e9\xbd\xbe_\
\x93\x9cY\x9c\xc12Z\x7f\x81\xe0U\x0b8\x06r`\
\xf4\xde\x98B-\x0c\x9e\x1c\x06\x09\xd2\xf7}iYV\
o\xc1*\xdci\x084fP\xb0\xc0\x92%K\xf4\x13\
\xdc\xc2\xedB\x06\x8a\xc1b\xbe\xa8\xc2\x0f\xe6`[.\
,f7\x9a~\x0c>\xcd\x98\x13R\xad#2\x92T\
\x02BTu\xdf\xb1\xdb\xc9\xef4x\xc74\xf0\x89/\
,\x08\xa4b\xb6u;\x80'\x01\x839\xf4*\xfa)\
\xe7\x8akn\xdd\xaf$\xbb\xb4\x5c9-\x17u\x8d\xf0\
\x95\xc3_E\xdf\xa2k\x90q:\xe9y=\x00\xbd4\
>\xd3\x9f\x04\xa4\x96dx]\x9a\xeb\x14\x0e\xea\xf4\xe6\
\x9e\x10>ff\xc7ql\xe2\xaf\x18\x9b|\x1d\x8cq\
X\xdc\x81\xa4\x97,\x04\xde\x18\xb4\xb4\x1d\x9b[\x8c\x1d\
\xf9\xf8\xd0\x87+\x00\xf8\x84=f`h\xe8\x9a\xae|\
W\xe1\xe0\xec\xdct\xef\x95\xc3\x1b\xd4\xe8\x0d?fY\
7\x07A\xefV&>\xc5\xe7\xb4kQ?\xbeg\x80\
\x9b{\x1a@h\x98\x16\xa4b\x18\x9f|\x03\xff\xfe\xf0\
!\xd4\xbc\xb3\xb0x\x06\x8a^\x9a.\xf90\xdc(e\
Y\x16\xb3-kj\xfat\xf1\xb2b\xf1\xe8Y\xc2\xae\
U\x88Zg\xe7\x00\xab\xd4\x8e\xf1U\xcb\xd7\xe3\xcbk\
\x1e\x86\xe7\x03\xb3\xd5@K\xc9\x80\x09\x81P_&\xfa\
\x09\xb0\x0d}\xd9\xcaD\xc4\x08I\xfc\xe2\x8bn\xc3-\
V;\xfe\xfe\xcew\xa1\x94\x88\x83m\x1d|\x93]\x85\
^Ki\xbb\xa5\x88\xd7\xe0F\x19\xc6\xc6\xfe\x81B\xfb\
 \xd6^\xf7\x13x\xbe$\xcb\x07\xe7Q>Ed\xa4\
B\xe4\xd5\xc2~\xe2zDc\xee\x1b\x1as\x9f\xe8\xea\
4\xa6o\x8cxv\xee\x14\x96\xf4\xac\xc6\xc8\xd0\xdd\xf0\
\x83\x19-\xa8\xf9\xc179\xb6D\xd3\x0c0\xc6P,\
\x16\xb1|\xe0+\xc8g\xb3\x10B\xc6/LJ/\x9c\
\xca\x06;H\xceN\x98Y$\xae\xd5\xe9\xcd8&\x05\
\xd1\xe9\x12\xb3\xe1\xf9\x15\x0c\xf4\xadC\xc6\xee\x82\x94Z\
\xa5\xcf\x01\xbe\x95\x05\x9e\xbc\xde\xd7sm\x98\xe7D\x06\
[7Z9O\xbf\xce\xc8\x02\xcc\x01\xa8\xd5\x14fJ\
\x0a\xd59\x12\x8e\xb9\x1e\x08\x0fmn\x1fr\xd9\x01\x08\
\xe9\x19\xf8\xa9\xe0\x13\xd9C\xc2V\x12*dnf\x9c\
\x5c\x9c\xea\xb4H7\xa5\x9f\xd4}\xedy\x98\x82`t\
\x96\xbaO\x87\xe2\x125_\xe2\xe2e\x1c\xdf\xd9\x94\xc5\
\x95W;(\x95\x14\xb9lM\xa7(qs\xf2\x1a\x89\
\xb28\x10\x1d\x9c\xeb{\x8a\xb3yb\x8fi\xb1\x11'\
h\xc2)O\x07o\x5c&\xf1Y\xf7\xe2\xf4iy\x0c\
\x8e\xd7j\xf0\xe4\xe7\xbc\xa2\xc4\x86{s\xb8\xecF\x8e\
\x9bn\xce`\xfbo\x14v\xef\xf2\xd0\xd5fA(\x0b\
\xacT\x81:[\x04l\x01h\x83\x8e^,\x01\xcb\x02\
\xda\xb2F+Rl@3\x900\x9dXE\xcct6\
{\x91\xd0\x85B\xa16\xa7 \x84\x91\x88\x14\x0a\xe5\xde\
*N\x0e\x97Q\xee\xf6 H\xb2\xda\xa5\x9a7Wj\
\x126\xcb\xe2Q\x7f\x00\x1d\x8e\x85M?l\xc7\xe4\xf2\
I\xbcx\xfa4z\xec\x0c\xe6n\xf8\x1a\xac\xda\xad\x00\
\xb3\x8c\xf0\xc2\xd8\x82\x992\xb0\xf7\x00\xf8\xfb\x1f@\xf9\
>\x90\xcf7\x04\xc6\x96\x19h\x09R-v@\x9c)\
xU\x85\x91\x95\x1c\xab\xbfhR\x0d\xc5\x15\xce\x0e\x08\
\xccu\xd2\x00\xf9\x86\x98\x14\xa6\xfc\xa8V\x15<F\xdc\
[Z}\x1e\xfc\xfa\x22|t\xec\x0c\xfe2}\x12\x9d\
\xf6\x1a0\xf2\x5c\xb2\xd1\x05k\xc1\xf9\x02\xd8w\x00\xf6\
\xf6\xa7\xc0\x0e\x1d\x22\x7f\xdf\xca@bm\x12\x07\xa5\x88\
\xa1f;\xa0&\x04\xb0\xee\x0e\x1b\xfdK\x93+\xcb\x0e\
,\xd8\xda\xeb\xdd@*\xe4`\xe3\xe1\xee!\xbc~\xac\
\x08\xb0\x0a\x94\x94q\x90\x8c\xc6\xa4\x0b\x1a\xd3\xc8\x17\x10\
l\xdd\x02\xfe\xf3\xc7`\x1d<\x08\x0c\x16\x80\x0f\xd3T\
(\x01\xb6n\x03I/\x13R3\x85\xb7^\x15\xb8\xfe\
\xf6\x00^G\x00Ni\x06\x19l\xdd(\x1a\x928\xca\
\x8a\xcbB`E6\x8b.\xcb\x8e\xe3\xffS''\xcc\
sd\xac\x14'\x080\x19\xb3\x9e\x05\x05\xc9\xe9\x1a\x80\
R\x192\x97\xc3\xdc\xbd\xdf\x83\xbd\xf9\x11`\xac\xd84\
\x03\xdam*T\xaaS\xf5h\xa8\xfdu\xab\xf7!F\
l\x07\xd8\xfd\xcf\x00O\xac8\x8a\xa9\xa1Y\xf09f\
t6\xf4vB*\x88P\x15\xc8\xf5\x13\xf8\xb5\xed\x9d\
xr\xd9e\xfay\x8b1\xdc\x7f\xe40\xfe0y\x02\
=\x96\xadg\xa4a\xa6\xc3t$\x16\x1e\x19r\xb9\x02\
\x7fp\x19\xe6n\xbc\x09\x85\x17\xfe\x88\x22\xa7e\xb9\xac\
/h\xa8\x8d\x9fx[G\xd3:\xf0\x14OD\xb2\xf2\
\x19\x82>\x0f\x95\xfe\x1a2\x1e\x07y:\x07\x5c\x83.\
\x05B\xd3\xda\x94\xd3j\x091\xf8R\xe2\xfbK\x96\xa2\
\xd7v4\xed\xfd\x1f\x1f\xc6\x13\x13\x13\xe8\x0d\xc1\xd7A\
'r\xa7(1L\x06I\xa9P[ye\x83fj\
\x06(\x91*\x0c\x0e\xe2\xc8\xf1Wqjz\x0c\x8e\xdd\
\x86@\xf8q\xe4mv\x8d\xe4%j\x99\x00\x82S\xca\
\xa1h\xd5\x80\x19\x11\xa0\xcf\xca`c\xf7btp\x1b\
\x9e4\x9e\x88\x98\xca\x80\xe3\xc9\x13\xc7\xb1\xabT\xc4\x0f\
\x0e\x1f\xc2\xf6\xe3\x13Xd'\xc0\xab\xa4\x97k\xfc^\
\xcf\xbd\xf4\xc2\x06\xb2\xb3\xd0\x90\xa6\xc73P(\x5c\x05\
\xdf\xab\xe0o\xef<\x80\x9aW\xd6AM\x88\x00B\x06\
\x90R\xe8s\xdc\x17T\x9d \xa33\xe0\x8bA\x80A\
\xc7\xc5\x1f\x07G\xf0\xab\xa5\xcb\xf0H\xdf \xaaR\xc2\
\x09\x83b;\xe7\xd8U,a\xc3\xfe\xbdx\xfe\xd4I\
,v\x1c=>\x07\xf4\xf3\xd1\xea\xb2U\x8d\x92\x82K\
\xc6\xa8&/D\xadX\x1cC_{\x1e\x13\xa7\xdf\xc3\
K;\xbf\x8d\xb5\xd7m\xc6\xe2\x9e\xab\xf5\xbdz\x8a\xac\
\x85\x0fK\x02\xb6ei\xfd\x8e\xc0\xffip\x05\x06\x9c\
\x0cjJ\xe2\xbd\xd92\xa6\xfc\x00\x1eS\xb1~\x13m\
\x94R\xcf\xf8\xc2\x18\xa92\x12\xcfqK3\x9b\xaaF\
\xcdq\xa8)\x9a5\xc4\x01Z1e\x9c\x0e\x9c<\xb3\
\x07/\xee\xfc\x16.^\xb2\x06K\xba\xaf\xd5\x0b\x1a\x99\
\xc8SX5@M\xe5QU\xc3\x18r\x5c<38\
\xa2\xc1\x13\xcd\x99 \xd0\x92}d\xe9`\x9c\x92D.\
:)\xc1H\xe2\x81Tx\xe9\xd4\x14>\x9e\xad\xc2i\
\xc8\xc1\xc2#i\xd0z\xb1\xb4\x00\x03z@\x19\xc0\xb1\
s\xdaX\x8f\x1e\x7f\x03G\xc6_3^*\xf22\xe4\
\xdaf\xe7\xe0\xcaU\xb0\xe56\xfcb\xe9\x10\x06\x1c\x17\
\x01\x19.c\xe8w2\xd8L\xe0?A[\xd7\xdb\x83\
/\xbd\xfb\x01\x1cr\xa7\xa9R\x8f\x82\x1b\x10V\x19\xd2\
\x18 \xdf\xeaj\x07M3A\xae\x9af#\xae\x9cE\
\x8e\x9d[\x10\xb5\x22z\xbb\xae\xc2\x0cw\xb1g\xb6\x8c\
\xd5\xf9zt\xacI\x89\xaa\x92p)\x1d_\x00\xb4\x89\
SJ\xf7w\x17gR\x8c6\x9906z\xc2yg\
\xa0^\xcf\x89Rj\xd1Z\xf2\xa0id\x0a\x03]\xb7\
\xe1\x98\xb4\xf1\xe8\xe4Q\x14,\x07\x1bz\x16k\x8f3\
-\x02\xdcw\xf8 \x8e\xd5jZ\xaf\xb5\xdd$<K\
,\xd9\x10\xa4/\x95V\x9f,\xb3 B\xcf5\x9fG\
\xd2\x08fgu\xb1\xd8\xe40*\xc9\x00]n*6\
%j7\xfaS\xdf\xf6\x91\xc9\xf5\xe0\xc4\x7f^Eu\
\xdcFni?~t\xf4\x90\x06\xf6\xcd\xde\xc5\xe8s\
2\xb8{\xf1E\xb8k\xff^t[\x8e\x8e\x01\x11\x03\
\xf19\xb9\xe4\x94@\x86\xb1p\xa9i@\xa7\x19/\xb9\
P\xf2[\x99\xc3\x07\x1bf \x11\xc8\x8a\x8d\xc5\xa6\x14\
\xf0&-\xe0\x08X\x0dc{w\xa0\xf6\xda[`\xf9\
\x1crRi&\x9e9uB\x1b\xf1\xbb\xe5\x19\xe48\
G\x06\x0c.\x1d\x8c\xc3e\x893\x1a\xbf\xcbf\xc3m\
\x8e\x0dBB\xd9\x0e\xac\xb3\xd3h\xdf\xfd/\x8c\x91\xb0\
\xc3\x85MJ\x9d\xbf\xa9`\x95V\xaf\x11\x02N\xd7b\
\xf8/\xbc\x08o\xf7\xfb`\xbd=\xc8\x0a\x85\x07\x8e\x1c\
\xc2\xe8\x9e\xf7\xf1\xfb\xe3\xc7\x91U\x0c\x9e\xa0\x98!\xe3\
C\xea\xef\xc6\xad\x8apFD\x04\x90\xd4'>+\xd3\
\xa7\xc3\x0f )m\xc8\xe6\xd0\xfe\xfc\x9fa\x9f\x9cD\
\xf1*\xe3\xe1\x1a\x19(R\x09\x94&0*>\xd7\xdd\
_K\xbd\x86\xfe\xe9I\xcfG\xed\xc1_\xc2\xdf\xf96\
X\xa1\x13m\x9d\x9d8c[p\xb39(\xd75G\
[xv]\xc8\xb6,\x14\x051\x0d\xb4\xae\xd7\xd2m\
\x83\xcc\xb8\x90D\x93<\xb7\xe5t\xe4e\x81@\xfb\xf6\
\xdf\x22\xbb\xf3\x0d\xc8\xf6\xbc\xc4\xd8X\x0c\xa8\xa1\xb05\
\xbc\xe2\xfa\xfdJ\xcaK\xa9\x8cgV\xf5)\xe0\xa3\x99\
\xd1Lp\xc0\xf3t\xa4cko\x06[\xbb\x1a\xac\xef\
\x22\xc8\xb8\x14S7FI\xde\x8c\xf2$*\x1a\x5cr\
\x09Ty\xd6\xc4\x16\xcf\x07;>\xa1\x953i\xecz\
\xa8\xd9\x0a\xec\x8f>B\xdb\xae\x9d\xb0\xc6\xc7$/\x14\
h\xc4#\x13\xe3\x07\xe3\xc2\x16\x19\xb1\x0aK\xd6\xbe\x92\
j\x1f\xe7\xd62\xa5\xfc\xb0\xf0\xa2R\xabd\xb1W\x95\
\x82j\x84\xfa\x8b|s\x17\xf0\xe6[\x80\xeb\x86\xcb\xbf\
\xb0\x12\xa17.\xc2\x12\x9a\xf6n\x1c\xb8s\x03\xbc;\
\xbe\xa1\xc1\xa3VAv\xdb\xe3`g\xce@\xd9\xb6\x09\
\xfb\x91hi\x15F4n\x06\x22\x9fW6\x98\x92R\
\xed\x0b\xc1S\xae(\x8c\x0a\x8d\x9e\xd4x\xa5\x10/s\
n\x19\xff4\x0f\xf8\x96\xaa\x81\x96\x9a\x04:\xf2@G\
\xbb^\xc3\xea\x858\xc9\x8a\xce4\x91\xd4'\x0eh)\
\xa6\x14\x9c\xa7\x9f\x86\xfb\xf86\xa02\x8b`\xe9\xc5\x08\
\x96/7`\xf53\x86^\xaf\x0f2.TG\x07\xa4\
\xe3\xe8\x1c\xdd\xe2\x9cI\xe9\xbfl\x06\x1ee-\xe5\xf5\
\xce\x81\x95\xdd\x8b\xb2\xee\x01\xa9d\xb7O/l0\xf2\
V\xcf\xb4`Q\xb7\xb9\xbe\x13\x91i\xa5\xe5`\xa5\x22\
\xc4\xd0\x10*\x0f>\x0c\xbe\xff\x00\xf2\xdb~\x0dU(\
h\x07Q\xa77\x0fQ]\xd4qlp\xce\xa7+\xa5\
\x93#\xa5R\xa9\xb1\xbc\x1e\xaa\x11/\x8d\xff\xf7\x8c/\
\xbc\xcd\x99\x8cK\x22\xa3\xec`^\xf0j!\xf0j\x1e\
\xf0Q\x9c\x11\x01Tg'\xf8\xf88\xf2?\xfb)\xf8\
\xff\xc6!\xbb\xbb\xcd\xc2]5\x817\x95\x8d \x93\xc9\
p\xaf\xe6o.\x95Jg\x12\x9b~\xcd{df\xfb\
f\xf0\xd2U\xcf\xba\xd9\xec]\xb3z\x8bI\xd9\xa1\x06\
\xa7\xbb\xd54\xf0\x89r\xcb\x82\xf7\x193\xaaC\xae\x93\
lGK\xbfN\xaf\xc2-\xa6\x5c.\xefT\xab\xd5\xe7\
NM\x1e\xd9\x18\xe9\xfe\xfc\x9b|f{\x95\x0f\x0e\xaf\
z\xc6u\xdb6\xd6j5\xb3\xc9W/p\xd2*6\
\xb5\xd8\xa4\x1dq\xa4&a\x0a\x1d\xa7'\xa6\x94T\xdf\
\xf4\x88\xe8YX\xef!\xe3\x0dk9\x11\x99\xe3\xd8v\
&\x93A\xb5\xea={j\xf2\xf0=\xa6P\x94,\xd3\
\x9dc\x9bu`p\xe5}\x8eK\xdb\xac\xbc_\x07#\
\xbd\xcd*\xd3+e\xa9\x92\x9fG\xcd\x92\xb9\x15\x9a\xaa\
\xb6\x8c\xe9-V\xcb2\xdb\xac5\xbf\xf6\xd8\xd4\x89\xb1\
\xf3\xdefM^\xa7C\xb6\xb7\xf7/\xea\xee\xedY\xcf\
-\xbe\x0e\x1c\x97C\xa1\x0b\xca\x94\xb8\x9b\xc1\xcas\x82\
\xad3\x1a\x13\xca\xb0G\x85\x0dRy\x89\xb3\x80\xdc\x17\
\x88\xe0\x95S\xe5\xa9\x1d(\x97?\xf1F7\x16\xd8\xe6\
\xb7\xbb\xbb\x87\xf3R\x06\x9f\xe2w\x13\xc5\xf8\xb3\xd0|\
\x95s\x89\xe9\xe9\xa6\x9f\x1a4\xea\xfc\x854\x06\xd0\x0f\
/>\xcf\x1f{\x80\xc6\xfa\x0c~\xec\xf1\xe9\xe9/\xb4\
-\xb4\x16jh\xff\x07=\xf7X\xa6\xfd~\xe1\xa3\x00\
\x00\x00\x00IEND\xaeB`\x82\x89PNG\x0d\
\x0a\x1a\x0a\x00\x00\x00\x0dIHDR\x00\x00\x00@\x00\
\x00\x00@\x08\x06\x00\x00\x00\xaaiq\xde\x00\x00\x12\x0e\
IDATx\x9c\xe5[{\x8c]\xc5y\xff\xcd\x9c\
\xd7}\xfaz\xd7\x18\xdb\xe0]\xec\xf5\x03\xe3\xe0bD\
x4\xa16\xa8\x0d\x84B\xda\xa6\xc1TI\xa3\xf2O\
\x14U\xadh\x12\x854%\xa2B\x08\x83\xa8\x02\x0d\xca\
\x1f\xad\xd4\x90\x92\x10\xfaHIC\xa5PaJ!\xdd\
\x96\xa0\x02MA5\xaf\x80\xbd\x18c\xb3\xec\xae\xbd\xef\
{\xefy\xcdL\xf5\xcd9\xe7\xdes\xce}\xec\xae\x0d\
\xa1jfu\xf7\x9e;g\xce\xcc\xf7\xfb\xe6{\xce\xcc\
\x01~\xc1\x0b\xfb\x80\x9f\x7f\xaf\x8a\xfay\x0e\xc6\xf7\xee\
\xddk\x02\xb7q\xfc\xdf)\x1c\x9a&\xf0\xf7q\x06o\
\xe3\xc0\xedt!S\x95\xc6\xe0\xe0\xd6\xb2\xa8\x14\x8d\xe5\
\xf73\xb7\xac\xaa\xe5\x14\xc3\xb0\xc5\xf4\xf4\xa1:\x00\x91\
\xaaN\x98\x90\xa6\xf3t\x19\xb0\xcf\x00\x1e\xd6\x83\x9c\xb3\
\xed\x82\xdd\xb6Y\xb8\xce0\x8c\x8f\x82\xb1-\x8c\xa9\xd5\
J1\x03P,/\x89J\xe6%3\xfa\xdd\xaeU\xad\
\x1f\x99;\xd4U\xbe\xad\xca\xf5M\x15\x0a\x02J\xcdJ\
\x85\xc3B\x04?i\xba\xe2\xd1\xa9w^y1O\xf3\
\xe90\x80%\xe3\x0dm\xbf\xe8\xf2\x92e\x7f\xcd\xb4\xac\
\x8f\x9b\xa6\xc5\x94\x92\x10B@I\xd9\x01+\xc2\x95\x03\
\xaf\xfa\x81\xcf>\xdb\x0f|\xebN\x5c\xc5\x19\x0378\
\xc0\x18\xc2 Ta\x10\x1c\xf0\xfc\xe6]\xe3o\xbf\xfe\
t\x9a\xfeSa\x00\x8b\x1f4\xb6\xee\xbc\xf4\xee\x82\xe3\
\xdcl\x18&<\xcfCH#)\xc9\x94b\xd4\x86\x9d\
\x1e\xf8\xd4\x9d\x15\x82\x8f~\xe9\x06\x8a\x81)\xcb4M\
\xdb\xb1\x11\x86!\x9aM\xef\x9e\xe3o\xbd\xf4'\xb1z\
\xb4Ej\x99\x0c`\xf4o\xc3\x86\x8b\x8a\x95A\xeb\x07\
\xe5r\xe5\x1a\xdfs\xa5\xe7\xf94\xba\xc1\x08w\x8b\x8e\
S\x07\x1f\x03H\xa3\xcb\xcaC\x07C\xb2\xcf\xb6\xda&\
](\xad\xf6\xc2\xb6\x1df\xdb\x0e\xaf\xd7\x17\x1e{\xdb\
=y=\xc6\xc7\x9b\x19\x1e\xa6\x0a\xef\x0a~\xdf>\xaa\
\xe7\x95\x01\xf3\x87\x95r\xf5\x9aF\xbd\x11\xb8\xaeO\xd2\
\xf6\x9e\x81WK\x82W+\x02O\x17\x9a6\xc6\x0c\xd7\
uy\xb3\xb9\x18T\xca\x95k\x86\x0ak~\x18\xe1\xd4\
\x98\xd8\xd2\x0c\xd8\xb7\x8f\xe3\xe1\x87\xc5\xc8\x8e\x8b\xef.\
W\xaaW\xd7\xeb\xf5@\x88\xd0\xe2\xbcM\xd7{\x01\xbe\
S\xec\xf3\xe0\xb1\x22\xf0\xe9\xae8g\x08Ca5\x9a\
\xf5\xa0\x5c._\xbdah\xc7\xdd\x91A\xd4L\xc8\x14\
\x96C\xaf-\xe7\xa6m\x17]Z\xa9T\xfeSJ\x11\
z\x9eo0\x16\xb5k\xd3\xf5\xc1\x18\xbc\xe5\x80O7\
\x96R*\xc7q\x04\xe3\xdc\xac\xcf.\x5c61\xf1\xc6\
\xb3y\xef\xc03\x84\xdf\xb6S?mZ\xe6\xfe\xd8\xe0\
\xb1S\x01\x9f\x15\xde\xfe\xe0\xd5\xca\x0c\xde\xb2\xc1+\xa5\
U\x82\x11\x06\xd30`\x15\xad\xfd\xd1\x9d\x08c7\x09\
\xe0\xc4\xb4\x8d#\x17\xed\xaa\xad*\xbfH..\x08H\
\xefY\x8b.\xdd8\xb6\x01\x1d\xd0O\xd7\xd8\xd1\xf3q\
\xd7D<\x22\x83\xd6\xf7\xf9,\xcf\xb2\xe0\xd3\xd7\xb6m\
I\xce9ff\xe7w\xcfL\x8e\x1dL\xb0\x82&;\
i\xb8w\xef^>::*\x0b\xb6\xf1I\xd3\xb4\xb8\
\xe7\xb9!\x03\xe3\xe4`8\xe3\x90*D(\x03\xed\xf7\
{\x81O\xc8`)b\xbb\xd9\x8b\xae\xcf\xc7\x8e\x8ab\
 \x0e\x03\x9c[QOJD\xadsj\xd0\x1e6+\
\x81i\xf0\xc9|\x05~ K\xe5\xb2Y,\xd8\xbf5\
\x03\x1c\x04\xf6r`4\xcb\x80\xd1\xd1+$0\x0an\
\x18\x97\xebA\xa5\x22\xd5A(\x5c\xf8a\x03\x8eUA\
\xb5\xb4\x1e\xb6Y\xeeBKJ\x94\x13\x02\xf2b\x9fb\
FFdS\xd8\xb4\x88K\x01\xcf\x9fE\xd3\x9b\x82R\
!L\xb3\x0a\x06\x0e\xa5',=\xb3K\x83O\xeeK\
\xa5\x98T\x0a\x9c\xf3_\x89\xd1\xb6\xc4\xcbL\x18\x05\xdc\
N\x95&\xe7\x18\x11B\x02\xcc`\xae?\x8bU\x95!\
\x5c\xba\xf5zl>k\x8f\xbe6\x8c\x02\xc8,P\x94\
\xab%\x95t>\xf9\x8e\x89Xv}lC\xd2\xbf\xa5\
\x12\xf0\xfd\x05\xcc\xcc\xbf\x8e7\x8f\xff\x08o\x8d?\xa6\
\x07\xa2qibV\x04\xbe\xcdt&\xa5\x80\xc1\xf9H\
\x8c9L\x82#3\xfd\xc8\xc0\xc0H\x99\x81\xd5\x94b\
p\xfd\x19\xf6\xa1\x91O\xe1\x8a\x0f\xdf\x8cjy\x00a\
\x08\x10_\x22b\xb3b\x9fax\x97\xeaV}LP\
\xe6\x930\xb2\xf5\xa8\x01\xdb\x1e\xc4\x863\xf7\xe2\xac3\
\xaf\xc4\xe6\x8d\x9f\xc2s\x07oE\xbdq\x0c\xa6Y\x06\
\x01Y\x19\xf8h\x82#\xd5e5\x0c\x0c\x94133\
\xd7\xd5\x0b\xc8j\x99\x83\x9b\x86\xeb\xcd\xe0\xc2so\xc4\
u{\xee\x84c\x0f\xa0\xd1\x0c\x11\x842\x9e\xa5\xa5?\
R*\x12\xbb\xae\x9f\x9e\xcf\xc9\xe4ZB\xca\x00\xbe?\
\x8f\xa67\x8duk>\x82+.~\x00\xe5\xd20\x82\
\xb0\x11\x05;+\x02\x9fQI\xa3&\xab\x19\xcc<\xfd\
c\xb86\x0c\xdf\x9b\xc7\xf0\xfa_\xc6\x95\x17\xdf\x02\xcf\
\xa7\x84G\x82l\x01#{\xa8\x22\x8f\xd01{\x1d\xb3\
\x98\x9f\xe64\xc11\x8d\xfd\xa4\x81,!\xe3`\xcc\x84\
\xeb\x9dD\xb98\x84\x8b\xcf\xbf\x0b\x9c\x99I\xb8\xdb\x13\
\xbc\xea\x01>R\xc4\xce\x0c\x99\xa7\x7f\xcc\xcd\xcdQ$\
\x89\xcb~\xe9\x8b\xe0,\xf1\xa5Q\x93\x88\xc8\x1e\xfa\xbc\
T}J\xcf#\xf0\x09a=\xecE\xaa=c\x16<\
\x7f\x06k\x07/\xc1\xa6\xb3\x7f\x1bA\xb8\xa0i\xec\x05\
\x1e=\xc1w/<\xb9 \xc3v\xf4\xe8\xd3X\xbff\
7\xd6\x0d\xee\xd0\x22O\x03\xa5\xb9\xbd\x14\xb1\xfd\x8c[\
/\xa3\xd8\x16\x85\xc4;\xb4\x99\xd4b\x1a8\xc2\xd0\xc5\
\xf0\x86O\xc0\xe0\xc5\xd8\x0e,\x17|\xff\xc2[W\xb1\
n\x9d\xb5\xf6\x12\x98F\xa4\x8bi\xf0-\x22\xfb\xcdx\
?\xa6,C\x82\x18\x8b\x81\xb0\xc4\xcf'\xcf1\x08\xe1\
\xa1R\x1aA\xb9\xb8\x11Rz\xda5v\x82W]f\
>\x1f\x83d\x97\x9fx\x9e#\xb5\xcaP\xe4!b\x86\
\xe4\x89m\x9b\xf2\x152e)f\x01h6\x14\x84P\
h6\xa3o\x1dt\xc67\xc9=\x1aF\x09\x8e\xb3V\
\x07eq\x80\xbe\xbc\x10=\xa1\x93)\xcc\xa1\x96\xc1k\
v\x88\x04E`-\x15\xcd\x13\xdb\xdd\xf0\xb5\x06\xedb\
\x103\xbcJ\xdb\x04\xa6\x03\x94\xd64\xb8M\x89\x0b/\
\xb1p\xedo8xw\x5c\xe2{\xdf\xaekF\x986\
43h\xdd\x89%\xf4%\xcb0\xdaXf\xe9\x8f\xba\
\xcc\x1b\xbbD\xbd\x98\x86?\xd7\x8f\x01II\x8cL\x16\
x\x7fQoOGJ:b\xb1f\x82\x81\x89,\x93\
bI\xd7n\xb3\xc48>\xf3\x99\x22\xaa\x83\x0c\x1b\x87\
\x0d\xac\x1e\xa8\xe0\x1b\x7f\xb6\x80\xa0\x0e\xd8&G \x14\
\xb8\xc1\x00\xcf\x07\x5c\x0f\xca\xa4\x89J\x80\xa6f\x82\xac\
\xb7i\xd2\x8ai\x1c\xb8$Kv\x09\x9a\xac\x0a\x98\x99\
_\xa9f\x91.\xaeL\xa4\xa9\xbd\xa4\xd9J\xd5\x1b\x1e\
\x87d\x0a\xcdJ\x00\xbf \xf45\xd1\x9d\xf7\x0c\x9e\x90\
8:o\xe3C\x83\x0e\x82\x00\xd8\xba\xdd\xc4\x97\xbeZ\
\xc5\xfe\xbf\x98\xc6\xac\x14\xb0\xf5\xac3\x88\xa1\xb5@u\
\x13`\x94\xda\x0cH\x1bP\xd7\x05N\xce\x00\x0bs@\
\xb1\x00eY$B=\x224\xf4`@+j[\x99\
\xbb\xf3\x9a\x0aN\x110X\xfb\xfe\xd4\x8eE\x1c\xdb5\
\x87\x853]\xf8\xb6\xec\x12\xfa\x92$(\xb8B\xe1\x0b\
\xee$\xfe\xca\xdb\x8a\xcdN\x01\x81T\x9a\x09\x7fpW\
\x11\xbf\xfb\xdakhH\x09\x9b\x8c\xa1\xfa,,\xf5\xd9\
\x94KM\xd1A\xc1\x94\xe7CML\x81\xff\xd7O\xc1\
\x1e\x7f\x02|b\x0a\xaa\x5c\xec\xe9\x0e\xccN\xf0mP\
X\xa6\xbb\xa3\xe2{\x0aW\x5ce\xe0\xb2=&h\xf5\
H\x07\xda\x5c\xa1Q#W\xba\x0a\x5c\xd2\xb2e\xa4\x87\
m9k_q04\xa5\xc4*\xc3\xd0\xcfZ\x9cA\
H\x85KJU<\xb4}\x07>\xfd\xb3W5S\x92\
\xd5\xcd\xf6'\x99\x94\xf8w\xa1\x009\xb2\x09b\xc7v\
\xe0\xaa\x8f\xc1\xbc\xff\x01\xf0\xa7~\x0c\xacY\xa3\xdd\xe7\
\xdc\x92\x0c@Z\x05R\xee\xa8G\x80C%\x08\x14j\
\x03\x0c\xbf\xfeI+\x07\x8ec\xb5r\x92\xcb\x15\x17\x83\
3\x0d\xfa\xd2J\x15\x9f\x18X\x83\xefL\xbc\x8b\x01\xc3\
\xd4\x8c\xc9NFZ\x0a\x04\x10\x84@\xbd\x09U*\xc1\
\xfb\xca\x97a\x16\x0ap\x9e|\x12\xa8\x94;\xc6\xe0\x1d\
5\xa9\x0e[Q[\xde\xdd\xe5$\x81f\xbcQWx\
\xe7x\xa2\x93\xb1\x99\xa6\x92\xba\x5ci\xa1aMN\x99\
\xa7\xc2\x1b\xcd&,\xbd.\xd1\xcf8'\x92\xc0\xa0\xb8\
\x01\xe5\x07\xc0b\x1d\xde\xe7>\x87p\xd7.\xf0z\x03\
\xa8\x0d\xf7\x97\x00!\xfdv\xc6\x97\xcb\xd6\xd2#g\xea\
\xc98\x07\x12\xdf\xbd/\xc0\xda}ML\xefX\x84\xe1\
\xb3h\xaf(!8\xd7gb\xb8\xd2\x8ecA\x84\xb8\
\xf1\x8cu\xd8Q,A\xe808R\x8d?\x1a;\x8c\
g\xe6\xe7Q3\x0c\x84\xf1\xec\xb7\x22\xc6T\xb8\xd3\x9e\
\x9c\x98)\x94\xbf\xd0\xe6\x8de\xc3\xbd\xe1\x06\x94^~\
ei/0\xb7\xf0vL\x8f\xea;\xeb\xb1\xd9\x8d\x83\
\x14\x05\xd3`\x98\x99\x97x\xc4\x1d\xc7\xd4\xdc\x22\x0c\x97\
k\xdf\x1dey\xac\x9d)\xe6gL\xeb5\xc3\x5c\x18\
\xe2\xf3k\xd7c\x93S@HR\x15\xdb\x85\x9b\xc6\x0e\
\xe1\x81\x89\x09\xac1\xcd\x16\xf8\x0e:2\xea\x99\xf3T\
\x94T5\x9bp\xb7l\x05\xdf\xbe\x0d\xc3\xa3\x07p4\
\x8a\xb0r\x0c\x88+\x8eM>\x8b \xfc}=\xfc\x92\
am\xea7\x0f\x00o\xad\x0f6\xe4\xe3\x8c\xd0\x862\
\x12\x02\xda\xb3%b\x8b\xdf^WPP\x9c\xa4Na\
\xd06q\xc7\xc6Mp8e\x9d\x91;\xd7\xe0\xdf\x9d\
\xc0Z\xd3\x84\xdfU\xef\xf3\xea\x9a\x06\x9fR\x13)!\
-\x1b\xc1\x8e\xf3P\x1b=\x10\xafk\xaa\xac\x0d\xa0\xc7\
\x86\x87war\xe6\x05LL\xbf\x04\xd3\xb0 e\xb8\
l7\x08\xc1\xd0,\x05\xf0\x0c\xa9\x01\x85R\xea\x19#\
\xe9p\xa5\xc4\x5c(\xb4\xaf\x9f\x0d\x85\x9e\xe1@I\x04\
\xf4\x1d\xaf\x03\x90\x04\xfc\xfb\xfc\x5cl\xe5U\x0a\xbc\xd5\
\x03|wFt^\xb7\xbf\xc5\x99\xeb\x962\x82\xc3P\
2\xc4s/\xdd\x17g\x5cdt\xc4\xb2%A\xf2\x88\
E\x09\x11\xd4\xb9+$\x0a\xe0\xf8\xe6\xc6\x11<2r\
\x1e\xaeY5\x80\xba\x10Z\xbc[\xcfQ\xc0\x04\xe0K\
G\x0e\xe3\x0f\xc7\x0e\xe17_}\x19\x0fMN\xe2\x0c\
\xd3\xd2\x8c\x8a\x04\xb4\x17\xf8>\xea\x90g\x8ea.\xb5\
\x1ep\x10\xb6U\xc5\xb1\x89g0\xfa\xd3\xfd\xb0-\x1b\
\x9cY\x10\x22\xa0M\x86\xeeQa~\xc0\x98X\xea\xb8\
)$\x1c\xc6\xf1\xad\xa1m\xb8v\xd5 \xce+\x94p\
\xfbY\xe7\xa0\xcc#c\xc6R\xa2k\x82\xc1\x93\x0a\x7f\
75\x89\xe7\x16\x16P3L\x84\x14\xc6\xa6\x8cg\x22\
\xa9KIAoF\xa8\xe5\x04B\x02\x8e]\xc3\xc17\
\x1e\x84\x1f,\xe2#\x17|\x15\xe5\xe2\x19\xda\xb5\x86\xc2\
\xd7\x89FGb\xc4\xd2\xc4)p\xc5\xd1\xa0~\x18\xc7\
_\x0fm\xc3E\xa5\x0a<)\xb5~\x1fv]-\x01\
QT\x17\x19\xd0\x88\xd0H/\xab\xdc\xd0\x12\xe1\x8b,\
\xc3e|\x9f\xc2\xa40V\xc6\x8c\xd1\xeb\x22\x19\x09s\
\x93\xac\xb1[0hv0@\xff\x93p\xac\x1a^?\
\xf2\x08\xde\x9dz\x1e\xe7n\xbe\x01\x1b\xd7\xefA\xa5x\
68s:\x07\x8d\xb6\xa1b\xf7\x14Et\x05\xc6\xf1\
\xed\x18<\xe9\xba\xcd9\xc6<\x17\xb7\x1c{S\xdfs\
\x88\x01\xf9\x0c1\xdeQ\xd0\xd7<R\x11\x99\x1a'\x94\
\xc0l\x10\xa2\x18\x1b\xca\xac\xc5\xef\x15\x17\xc43\x94\x93\
\xa4\x9e\x0c\xd0Ew\x10IB\xc3=\x81g\x0f~\x1d\
/\xbc\xfa\x97(\x15\xcf\x84EIH\x8bQ\xf17\xc9\
\xfbb\x13\xcc\xdd\x09\xc6>\x0f\x1b\x1e\xee\x1f\xda\xae\xc1\
\x93\xc1\xb3\xe2\xb5\x05\x8a\xe2\xbe;r.\x8a\x14\xd0t\
\xe4\xef\xbd\x8bf\x04\x1d\x07Q\x0a\xdf:>\x8e{\x8f\
\x1cC\x99s\xddw[\xf5r.;\xc9h[\x0cY\
n2\xa4Tj1D\x80q\x0bE{@\x1b\xc3z\
c<\xde\xa9i\x13\xae\xffq\x0e\xb9XG\xa9Q\x83\
\x90\x12\xbfS\x1d\xc0\x87\xe3\x99O\xc0k\x06\x98&\x06\
zg\xe0\xcb*\xfb\xb7l\xc6?\x8cO\xe1\x1d\xcf\x83\
\xd5\xda\x9f\xc8G\x82i#\xdd\xbe\xdfM\x04\xcc^\x03\
\xb5\x02N\xd2\xbf\xb8.\xda\xae\xb2;Z\x81\x8c\x1a\xf7\
1\xb0z\x17\x16\x98\x8d\xc3nS\xcf\x98I\xfb\x8a\xef\
\xf1Y\xba\xffY\xacc:\x08\xb4-\xd0G\x90\xf21\
@?w\xd9\xa5?\xb3?\xf84\xe9\xa9\x9c;\xdbJ\
\xe7\xb4\xb4z\xbcn\xf5e\x08\xc1\xf0l}\x1e\x7f|\
\xec\x08\xee\xd9\xb8Y3B\xbb9\xc6\xf0Z\xb3\x81\x07\
\xa6&Z\x86\xae\x95q\xc6\xfd\xea\x881U\xd7\x12\xe1\
xX2\xa4?\x9a<\x89\x06\x19\xd18/hy\x89\
e\xc4\x05z\xa1a)\x06(\x9d\x04\xc6\xa3\xb6\xf0\xf7\
\xdb\x96\xa6\xb4\xd5Em\xd5f\xac\x11[\xf1\xe6\xe2\x0c\
j\x96\x83\xef\x9d\x9c\xd4\x83\xde;4\xa2\x99@\xfaJ\
a.\xb9\xc6??~\x1cU\xd2\xe1.\x01N\xda\xe8\
\xe9\x85\x93\xdc\xfd\x12\xe7\x11\xf8\xd6\xb3i\x11\xef\xe3\x11\
h\x19urbe6 *\xfd\xf7\xe4\xb5\x90\x93\x19\
p\x8a\xf8\xef'\xbf\x0c\xff\xd7>\x0d\xeb\xfc\xf3qF\
(\xf0\xe0\x89I=\xd3\xdf\x18\x1e\xd1m\x1c\xce\xb0\x7f\
x\x13\x0e\xccLG\xb9=O\x03\xee.\xba\xf9\xfb\x14\
e\x92\xfb\xec\x95\x00e\x12\xb5\xa4\x1f\xc2\xe3\xfbp^\
{%J\x85R\xb6\x80\xa3oY\xfa@\x02\xfd\x19\xdc\
\xc1l\xfd\x10N\x8c?\x07\xf1\xf83z\x19*\x08\x85\
\x8e\xe4\x1e\x9c\x9a\xc0\x17\x8f\x1c\x8e\x9d\x1ct\xb8Ka\
/1\x86\x98\xd0\xfe\xc8\xae\xd7a\xfcI\xeaD/\xa3\
\x97^\x18I\xab\x06%\x1e\x85\x22\x8aco\xa0x\xf8\
\x10\x8e\x0e\x0fg\x18`\xf6\x06\x1e\xeb@\x1e|\xeew\
T'\xf5:\xbdU[\x83\xe0\xd1'`\x5c\xb5\x07|\
\xd7N\x04\xb3sXcZ\xf8\x9b\x13\x93\x18s]\x0c\
\xd9\x0e\x1e\x9f\x99\xd6\x06,\xb2\xd2\xa9\x05\x97\x1e>\xbc\
\x7ft\xd7-\x12M\xd1E\xe1<-V\x08\x81\xea?\
~\x1fLo\x90f\x97\xc5y\xdfY_\x16\xf8v\x92\
O\xc1\x0bm#{w\xdc\x07y|\x1c\xa8\xd5\x10\x06\
\x01j\xe0xv~\x1e\x7f;9\xa1s\x03\x0a{\xb5\
\x0e\xebE\xdb\x18\x9c\xd6\xf7S\x09s\xb3\xa9\xb5\xfeP\
\x14I\xa1+\xad\x1c\x97\xca(\x7f\xe7~X/\x1f\x84\
*\x15\x81\xa3G{3\x80sS?\x9e\xf5\x17i\xf0\
\x19\xaet\x06\x17\xc4\xf1\x82\x03yl\x1c\xee\x17\xfe\x14\
\xe2\xf9\x17\x80\xda*\x88r\x09%\xdb\xc6j\xd3\x8aO\
\x9b\xa4\x171\xb2\xbd\xb6\xc49\xc9=riw\x14-\
\xf6\xd8\xa7\xa0\xdf\xe4al\x07\xaaV\x03\xaf\xd7Q\xfd\
\xe6=(\xfe\xcbcP\x95\x0a-\x8e\x90Hd6\x0d\
X\xea\x9b\x9e77o\xbf\xf05\x83\x1b[\x5c\xb7)\
Y\xbc3\xda\x06\x9fbKGP\x91ri$v\x9e\
\x1bY\xde+/\x07\xfb\xd5=\xc0\xa6a\xbdFG\x06\
\xa9\xab\x08\xc7\x16\xbf\x95\x1b\x14\x8aP\xae\x0b\x15\x8ah\
e\x87\xeaD|/V\xa1\x8eC\x1a:\x89\xf0\xc1\xa7\
&a\xbf\xf8\x02\x0a?\xfeW\x18S\x13\x90\xa5\x92,\
\xd8\x0e\x17ax\xf8\xddw\x0e\xef\xe8v@B\xc5\xd2\
\x10J!\xc7l\xd3\xda\xd22s+\x05\x9fH\x82c\
k\xb1\x16\x07\x9e\x02\x9e\xf87`\xcd\x00P\xadF+\
\x1d\xa9\xb64\x9f\xb4\xf6\x9a\xcc\xa6>\x8f\xe8\xf9\x90\xbb\
w\xc3\xbf\xf1\xf7\xa0l\x13\xaa\xd1\x80\xb2\x0b\xc0\xf4\x09\
\x94\xee\xbd\x97\x0e\xfdh\xa6$IN\xab7\xfar\x9b\
\xe033`\xf4L\xa1\x00U.\xd3\xcc+\x9aK!\
\xd5X\x0c\xbe\xf3\x90\x14\xf6\xee\xe5\x18\x1d\x95B\x88\xa7\
\x19\xe7\x1f\xa3\x9d\xcaS\x02\x9f\x5c\xd1l\xd1w5^\
\x89\x9d_\x04\xa6g\xdb6\xa6\xddaN\x1c#\xe3k\
\x8e\x1d\x01\x1b\x1b\x83{\xd3MP\x1b6@\xcd\xcdC\
\x0d\x0c\xea\xf6\xfc\xd0!\xa0X\xa4\x0c,\xeb\x99b\x15\
\xa1\x9d!E\xcc\xa6tZ\x92\x81f\x8a\x8e\xb9\x0a\x19\
\xfeG\xdc\xac\xc5\x00\xde\x1a}4:8\xe4\x87\xc1#\
A\x18H\xcb0yz\x87xE\xe0[u$\xd32\
\xfa\xd0\x89n\xc7\x86r\x1c \xf9\xd8\xb6\xfen\xd7\xd9\
\x80\x1d\xd5\xcb\xd5\xab\xc0_z\x09\x85[n\x81\xf1\xdc\
\xf3P\x95*$m\x98\x5cp\x81\xde\xf6\xa2g\x94m\
C\xd9N\xa4\xf3tm\xd9\x00\xed\x04\xc5R\x18\xa9\x96\
\x82e\x99<\x14\x81\xf4\x02\xf7\x9f\x12\x19\xedf\x04%\
\xbd\x141y\xecg\x07=\xdf\x7f\xcavl\xba'\xfa\
\x81WK\x81O\xcdr+#\x8b\x945bJ\xab.\
\xda\xc3K\x94Z3\x9eVs\xcb\x15\xb0\xf9\x05\x14\xef\
\xba\x13\xf6\xf7\xff>\x8a/\xce\xdf\x15\x89J\xfc|\xbb\
\xbf\x945\xcc\xc4/J\xd8\xb6\xcd}\xdf\x7f\xaa>3\
\x999#\xd8\xc5\x0d\xbe\xa2\xa50\xf0\xdc[\xc3P\xc0\
q\x1cE\xc7M{\x81O\xff\xee\xbd'\x9f?\x9f\xd1\
\xe6Z\x86Q\xad\xafTk2\xda\x96\xa9g\xdby\xe8\
A\x94\xee\xbc\x03b\xddz\x88\xb3\x87\xc0</N\xf3\
\xf3YN\x1b\xbc\x8a\x8e\xca*A\xeb\x91\x81{k\xdc\
 \x93\x9b\xb1\x1c\xb2\xd6y\xe1\xb3\xcf\xd9\xf9\xf5j\xb5\
zs\xa3Q\x0f\xe8\xe0q\xfbpR\x1a|\x1ah\x87\
v\x9f\x1e\xf8\x94\xfdI<\x0b\x9b\x9bEx\xeey\xba\
_\xe3\xad7#\x91\xef\x96\x9ciA\x900M3(\
\x16\x8b\xd6\xdc\xfc\xc2=\xb3'\xde\xfe\x8a>\x82\x96}\
\xbd\x06\xdd2U\x16\x9d\xaa~\x18g\x9f\xb3\xf3\x9f+\
\xd5\xea\xd5\xcdF=\x08\x02:1\xce>\x18\xf0q\x7f\
\x9a\x094\xf3D\x07-p\xf6\x00O\xabS\x96E\xe0\
K\xd6\xe2\xe2\xc2\xe3''\x8f^\x1b7\xcc\x9e\xb6\xc4\
\x12/L`\xc3\x86\xe2Fg\xf0\x07\xe5r\xf9\x1a\xdf\
\xf7\xa4\xebz\xf40e\xb6?\x7f\xf0\xc9e\xb2\xa6\x9f\
\x07\xdf\xca\xfa\x94(8\x0e\xb3,\x9b/\xd6\x17\x1f;\
9\x19\x5c\x0f\xf4~a\x82\xf5`@rO\x03\xa6\xf3\
\xf6\x85B\xf1f\xd34\xe0\xfb\x1eH\x1c\xe8(m|\
\xbc\x99\xe5\x89\xef\xe6\xe6\xba\x01\xcf\xb4]\x02x\xabu\
\xa7\xbeG\x07N\x18S\x96e\x9a\xb6\x1d\xbd2\xd3h\
\xba$\xf6\xa7\xfc\xcaLRZ\x8a\xbfv\xc3\xf6\xcb\x1d\
\xc7\xfa\x9ae\x99\x1f7\x0dS\x9f\xbd\x15\xe4j\xb4/\
\xee\x06\xbe\xff\xac\xbf\x17\xe0#\x0a9\x0c\xda\xfe\xe2\x94\
\x86\x84*\x08\x83\x03M\xd7\xbbkqf\xfc\xb4_\x9a\
J\x97\x96\xf1X\xbbv\xdbn\xc31\xaf3L\xfeQ\
\x83\xb1-`X\xcd\xe8>\xbdD\x95:J\x9f\x94x\
[\xe3\xf4\xc1gB\x92x!B1\xa1$\xbd6'\
\x0e\x87B\xfc\xc4\xf5\x9a\x8f6\xe6\xa6\xe2\xd7\xe6:\x0d\
^\xb7\xc2\xb0\xfc\xd2\xed\x85D\x03\x83\x83\xe5\x9a\xa8\x18\
s\x99Ds\xee\xf4\xde\x89\xccv\xd6\xa7#C\x00\xd3\
\xa7\xf5\xe2\xe4\xa9\x14\x0e\x9c\xdak\xaa\xefc!Z\xde\
\xefWg\xbb\x96_\xc8\x97\xa7\xf1\xff\xa9\xfc/\xb2i\
7\xfa\xe0C\xf0\xf4\x00\x00\x00\x00IEND\xaeB\
`\x82\x89PNG\x0d\x0a\x1a\x0a\x00\x00\x00\x0dIH\
DR\x00\x00\x00\x80\x00\x00\x00\x80\x08\x06\x00\x00\x00\xc3\
>a\xcb\x00\x00*YIDATx\x9c\xed}\x09\
\x90%Gy\xe6\x97u\xbc\xfbu\xf7\xcc\xb4f4\xd2\
LK\x9aK\xa3\x19\x81@\x07\x1a\x09\xadG\xeb\x0d@\
\x5c\x86\xb5c60`s\x98\xb0c\xad\x05C\xaca\
9B\x969\x8cm\x16\xc2\xd8\x18\x07F\x08\xcc\x0a\xd8\
5\xda5\x18\x96\x15\xac\x0c\xb8\x85\x90\x05H2 i\
\x0e\xcdhF\xd3\xa3\xb9\xaf>\xdeYG\xe6\xc6\x9fU\
\xf5^\xdd\xaf\xde\xd1\xddb\x99\x8c~]\xefUee\
e\xe6\xf7_\xf9\xe7\x9fY\xc0\x85t!]H\x17\xd2\
\x85t!]H\x17\xd2\x85\xf4K\x97\xd8rW\xe09\
R\x87\xe5L\xe2\x97\xa9\xf3\x95\x9d;w*\xf4ez\
z\xb5\x00\xee\xb5\x97\xf8\xf9\xcf\xd5\xa4b\xe7N\x07\x8b\
\xe9i\x0e\x80>\xff\xdf\x10\x80\x04}zz\xda\x8a\xbb\
\xb8c\xc7\x8e\xe2)\xb3\x92+\x1b-I\x18\xcb\x9d\xe6\
\x00\x8c\xbb\xc7,)\x9a7K\x09\xe3\xd0\xeaMn\x18\
\xba\xf1\xec\xb3\x0f7c\xb3\xec\xdc\xa9-\x051,\x22\
\x01\xecR\x81m\x02\xf8`\xa7\x01[\xae\xbei\xabm\
\xdb7\x00\xecZ\x08q% \xd6\x09\x81\x09@\x14!\
\xa0F\xe5a\x8ct\xf4\x9d\x12i\xd2Sd)M\xa4\
<&t2\x92\xa7{\x82gxv\xf8.&\x84\x0d\
\xb0\xa6\x80\x98U\x18\x9eeP\xf6A\xc1cL\xd5\x7f\
r\xf8\xa9G\xf7\xfanQ\x5c\x9c\xec_\x14\x02P\xfc\
\xfd\xb2i\xdb-\xdb\x00k\x97\xe0\xe2\xd5B\xf0k4\
M\xd7\x14U\x85\xaa00\x85Aa,\x01\x8bP\x07\
2\xf7\x94\xe8\x01\x7f'_\x1a\xf8\x01*\x8a\xa4\xd8\x92\
\x03\xa7\xfa#\xbc\xe0\x99nC\xe99\x9c\x0b\x08!`\
\xdb\x1c6\xe7\xe0\xb6i\x09\xb0\x9f)\x8c}\x13\x8ar\
\xef\xcc\x81\x9f\xee\x8e\xeb\xd7\xe7&\x01\xec\xda\xa5\xe2^\
G\xafo\xdc~\xe3\xad\xcc\xc6\x1fp\x81W\xea\xba\xa6\
k\x9a\x0a\xfa\xa8\xaaB\x94/\x84\xe0\xf4\x8f\x09\xa7\x03\
X&\xce\xa7\x0f\xeb\xc5\xf9\xc3p=\xa5l\x9c\x9f,\
\x10z\x80\xef\xbb\xcc\x18\x13\xc4\x00\x8c)\x821y\x91\
Y\xb6\xad\x9a\x96\x0d\xd3\xb4`\x99\xa6\xa9(\xca\xb7T\
U\xfd\xe43\x07~:\xdd\x95\xac\xa3\xb3\x9d\xd8\x88\xcb\
\x11\x9b\xb6\xbdh\x1b\xa0|\x18\x02\xbf\xaei\x1ar9\
\x0d\x9a\xa6[\x10B1-\x8b\x99\xa6\xc1l\xdb\x06\xe7\
\xbc\xdb\x1f\x9d~\x11\x89\x1cM\x14\xe2\x01\x9f\xcc\xf9\x94\
\xc9\xa5\x12\xafB\x81L^A\x92\x8aB)DV1\
\x12'\xf6t@\xe2\x04\x9f\x1d\xb8\xd3i@\xf0\xb9\xac\
\x9b[Q\x18TU\x85\xae\xebB\xd34\xaa!7-\
K3\x0c\x13\xa6e\x81A\xfc\x03S\xb5;\x5c\x89\xd0\
\xe9o,?\x01t)r\xcb\xf6\x1d\xef\xe1\x5c\xdc\xa9\
\xaaZ)\x9f\xd7\x85\xae\xeb\xdc\xb2,\xa5\xdd6\x98i\
\x9aR\xd4\x91\xc4g>\xb1\xdf\x93\xf3}\xa7S9_\
fHT \xa9b_$=;A\xec\x8b!\xc4~\
B\xc5]\x1a\x22i\xe8\x80\xa2\xeb\x1a\x0a\xf9\x82\xd04\
\x95\x93 h\xb6\xdb\xcc\xb6\xad\x86\xc2\x94\x0f\xce\x1c|\
\xfcc\xee\x8dd7\xd9\xcbG\x00\xae\xc8\xdf\xf0\xfc\x9b\
V\xab\x96\xf8;\xc6\x94\x97\x93\x98/\x16\x0b\xb6m\xdb\
j\xa3\xd1\x84e\xd9.\xe8\x81\xf6\xfa\x0f\xc1\x93\xb1\xa7\
z@\xbf\xacb_\xc4W\xc9\xff-\xbd\xf2\xb1t\xe6\
\x10\x83\x90j\xb3T*ASU\xbb\xd9l\xaam\xd3\
\x82\xe0\xfc\xbe\x9c\xa2\xbc\xf9\xe0\xc1\x9f\x9f\x1aV%\xb0\
a\xc1\xdf\xba\xf5\xfa\xabmU\xfd\x9a\xc2\xd4M\x85B\
\xc1\xd24U\xad\xd7\x1b\xcc0\x0c\xc9\xe9\x0e\xb7\x8b_\
P\xf0Er\xb9\xa3\x06?6\x9fC\x04\xf4\xc9\xe5r\
(\x97\xcb\xc22-\xbb\xdeli\x9c\xdb\x07\x14\xd5~\
\xed\x91\xa7\xf7<9\x0c\x11\xb0\xe1\xc0\xbf\xf1:[a\
\xdfV\x14e\xb2\x5c.[\x9cs\xadV\xab\xb9\xa2>\
FM\xf5\xb2\xf4#\xa7\x7fY\xc1\x17\x91\xdc\x9c\xfa\x14\
\x0c\xd5J\x85\xec\x05k\xa1^\xd7\xb8e\x9fQ4\xe5\
\xb6\x99\xa7\x1f\x7ftP\x22\x18\x80\x00\xeeThl\xef\
\x1a{\xd3\xaa\xa2LV*e\xdb0L\xb5\xd1h\xf8\
\x80\x0f5\xa4O}\x7f\x01\xfcxz\x13\x82\xa3\x5c.\
!\xa7\xe7\xec\x85ZM\xb5m\x22\x02\xb1s\xe6\xc0\xee\
\xdd\xeeP\x91/&\x01\xd0\x03\xc4\x96\xeb\xae[\xc5\x9b\
\xda\x8fTE\xdd \xc1o\x1bj\xbd\xd1\x80\xa2xC\
\xd5(g-\x96\xb1\xd7?\xe7\x8f\xde\xd8\xcb\xce\xf9!\
\xb9\x93\x81\xf3\x83\x8ft\xbe\xd0\x08\xaa\x5c*\xa1P\xc8\
\xdbs\x0b\x92\x08\x0e\xf2\x5c\xe1\xc6\xe3O=z\xd6\xc5\
43\x11\xf4\xe3~e\xd8\xb5\xcb\x19l5\xb4/\xab\
\x8a\xb6\x81\xc4\xbei\x9a\xcb\x06~xT\x15*(\xe6\
\xca\xe2X\xfab\x09\xc1\xa7D}M}\xde6\x0c\xb5\
Z.[\x8a\xa2lPZ\x8d/;\x99$Fl\xe4\
\x04\xb0k\xd7.\x85\xf4\xfe\xe6\xab^\xf4n\xa6\xa8/\
-\x14\xf3&\xe9\xfcz}\xf9\xc0\x8f\x16\x12\x0f\xbeX\
D\xf0\x03\xcfN\x01_\x8c\x08\xfc\x00\x11\xd4\x1b\xe4=\
\xd4\x8a\x85\x82I\x98\x5c2u\xd5\xbb\x1d;`Wf\
\x5cY?\xa2\xff\xaa\xab~e\x93)Z?\xcf\xe5\xf3\
z\xb1XP\xe6\xe6\xe6}\xf7/7\xf8\x89\xd5H\xb3\
\x02{\xe5\xca\x08~r\xf3\x22-\xeb\x01~\x14\xf3\xf4\
~!\x83{bb\x5c4\x9bM\xdel\x1a\xa6\xa2\x8b\
\xe7\x1f=\xb8\xe7@VU\x90\x8dR\xee\xbcS>\xcb\
\x14\xad\x8f\xab\x9a^(\x16\x0bD}\xe4\xca\x1d\x1c|\
\xb1L\xe0\x8b\x8c\xe0\x8be\x02?]Tt\xf3\xba\xc3\
C\xfa\xd4\xebuV,\x16\xa1\xe9j\x81[\xf8\xb8s\
\xa3\xc4l\x14\x12\xc0\x19^l\xd9\xbe\xe3\xc5\x9c\xe3A\
r\xf2\xa8\xaa\xa2.,\xd4\xa2c\xfc~\xc0G\x06\xf0\
\x7f\x81\xfc\xfa\x83\x8c\xf1#\xbf\xd2\xa9\xa5{%\xd4/\
4\xa146V\x05\xe7\xb6]o4UM\xb0\x17\xcf\
\xcc<\xf9P\x96\xa1ao\x09\xb0\xcb9\xd8\x16\x7f\xaf\
\xe3\xdb\xcf\x09\xf2\xf0\xc5:x.\x80\xbf\xe4\xe0{\xf3\
\x084\x04'l\xc8sh\xc2~/2\xa6^\x12@\
\x8e+\xb7n\xbde\x8b!\x8c'*\x95\x92\xc6\x18c\
\xe4\xec\x09\x8c\xf7c\x191\x8d\xf3\x7fI\x5c\xbb\x22\xbd\
\xa4\xe8#{\xeb\xfb\xa4DC\xc3\xb1\xb1\x0a\x1dE\xad\
V\xb7\x98\xc6\xae>vh\xefS\xbd|\x03\xa9\x12\xc0\
\x0b\xdf2E\xfb\xf5\xba\xae\xeb\x9a\xa6\xdb\xedv;\xb6\
=\x17\xc0_>\xf0)\x11?\xb6Zm\x9aM\xb4U\
U\xd7\x85%^\xef\x5cq0LJ\xa9\x17\xa7\xa7\xa7\
mw\x22\xf3\xb5$Z \xb8B\xb3z\xfe\xd9\xbc`\
\xd5#\x16\xd6s\xcc\xb5\xbb\x5c\x9c/\x16\x15|\xba\x9f\
0\x913\xae\x5c(4\x93(\x04^\xebHx\x89\xe1\
@*@\x8a\x8e\x0dW\xdd\xb8\x19\x9c\xef\xaeV+4\
\x01\x81\x8e\xfe\xef\xc1\xf9\xe4\xb7\x96d\x99\xd9\xe0\x0b\xde\
\xff\xdc3\xf8D\x0a\x10\xfd\xf9\xf5G\x0d\xbew c\
\xb0\x5c)Aa\x0a\xe6\x17\x16,5\xa7l;zp\
\xcf\xfe45\xa0%\x15\xeb\x06rr\x06\xb1C\xd5t\
MU\x98\xddn[2n/\xc9\xd8cL\x91\xc0s\
A\xe1M&8\xa78\x10\xee|\xfc\xd9=\xfb\x91h\
\xa4'\xf0\xc1F.5\xf8\xcc\xfd\xaf0\x0d\x8a\xa2\x83\
1\xb7\x0bD7^\xf3\xb9\x00\xbe\xfc\xc6 \xa5@\xa9\
X\xb2UM\xd3l\x8b\xef\x00\xb0\xdfQ\x032\xc04\
;\x01t\x9f\xc1\xafWT\x05`\x8a\xa0H\x1e\x028\
\x5c-\xea\x14\xea\x10\xc3\xacI\xd0u\xad\x84ra\x12\
\xa5\xc2$r\xb9J\xa7\xd3\xe2\xea/y'4\x98\x88\
kd\xa0/:\xedN\x12\xab\xa1\xf3\xee\xcd.\xcd%\
\x82 :\xf9\xbbg\xa8]\x96\xd5@\xab}\x0e\xcd\xf6\
\x19\x18\xc6\xac\x94l\x9aZ\x82\xa2h\x92\xd8\xe3\xd5\xc3\
\x12\x83\xef\x84\x98\xc9\xf8\x0b\x82HU\x14\xd8\x96y\x1d\
\x80{\xd2JI$\x80\xe9\xe9[90\x0d\xc1q%\
\x05pR\x0c\x1f\xb7y\xc0\xfa\xf7\x86\x82-c\x0e\xba\
Z\xc0\xfa5;\xb0a\xdd\xadX;y-\xc6+\xeb\
\x91\xcfUA\xb4\xe3W4^\xbb\x22G\x7fcD\xf0\
\xba\xe8\xf7\xdeP\xc7D\xca\xf2\x87\x97\x09\xe7D\xb0L\
\xf7*\x89U\xc9\x03&\x0c\xb3\x8eF\xeb$\xce\xce>\
\x89c\xa7\xa7q\xe2\xcc\xbf\xa0\xd9>\x0b]\xabJ\xe9\
 \x02\x819\x8b\x09~\x90[D\xcch\x80\xb0r\x98\
\x16[\x9d\xb3\xf1\xdc\xdfC\x028\xe1\xdc\x82\x89KI\
\xb4\x0b\x1e\x0c\xdc$=cZ\x0d\xd9aW]\xfe*\
\xbcp\xeb\x1bq\xf1\xe4\xf3A\xb6\xa2\xcd\x01n\xd3\x1c\
6@1\xaeA.\xeev\xaes\xec\xf2q\x1c\x18\x9d\
\xab^H\x9d\xc7\xcd~)\x90\x08\xec`\xf9EL\xe7\
jj\x11\xe3\x95\xcdX9\xbe\x0d\x1b\xd7\xff\x06\xe6j\
\x07q`\xe6^\x1c\x98\xf9*\x0cs\x1e9}\x0c2\
\xd2{\x19\xc1w{H\x06\xd9\x92o\x00\x1c\x97\xba\x17\
x\xbfF\xa0d\xedu;v\x14s\xe7\xad\xa7*\xe5\
\xca:R\xed\xb5Z]!\xaeW\x98\x8a\x96q\x1e+\
\xc77\xe3\xd6\xeb\xdf\x8b\x0d\x97\xde,;\xd00e\xa0\
\xb3T\x13\x8et\xf0\x05g\xa6\x81\xef\x0b\x0a\x1d\x1a\xfc\
\x00\xe7'\x10CJ~\x11W?\xef\x9a\xfc8}\xa9\
*E\xa8j\x1e\xe7\xe6\xf6\xe0\xb1=\x7f\x8ec\xa7\xfe\
\x19y}<0\xed\x13\xd5F\x8b\x0d\xbec\x08V\xab\
\x15N\xa3\x81\xdaB\xedYMY\xb9\xc5]|\x12\xe3\
\xb6\xed1\x0c\xcc\x99f\x0e\x1c\x05\xb7\xf3I\x0f\xc8Y\
\xa8f\xfb\x1c6\xae\x7f\x19^\xf7\xb2/I\xf0[\x86\
\x0d\xc3t\xd4\x03\x11\x07I\x8c\xcc\xe0\xfb\xba+,\x86\
\x03\x8d\x0d\xc8\xfb\xee\x85\x08'\x87:3@,=\xc0\
G\x92m\xd0\xf9J\x84\xad\x02L\x85e\xb7\xd02\xce\
a\xac\xb2\x01\xb7\xdep\x17\xae\xde\xf4\xfb0\xad\x85N\
\xbe~\xc0\xf7\x88+9\xf9\xfa\x22\x05|_&\xd9\xf9\
\x82\x89B.g\xe6R\x0aN'\x80\xb2QT\x04s\
V\xecPb\x8a\x8af\xfb<\xb6o\xfc\x0fx\xcd\xce\
OJ\xb1G\xe0wAO\xaaz\x7fb?\x9a\xdf\x07\
\x94W^\x0f]\x1f8\xa6\x96\x85\x9e\xf9\x03\x99\xbd\xef\
\x14\xef\x08\x0d\xa6E\x81\xaf\x0d\xbc`\xeb{\xf0\xc2m\
\xef\x87e\xd5\x13{aT\xc6^\xaf\xb2;\x91\xf1\x82\
\xa9\x96e\x0c\xee\x08\xf2'\x02\xb8\xd5\x9e\xc5\xe6\xf5\xb7\
\xe1\xb6\x9b?\x04\x8bV\xb2\xd8\x5c\x82\x9fZ\xf5~;\
>\xf6\xbe\xb0(\x0f\x15\x14)<$]z\xa8\x1a\xf8\
\x7f'\xe5\x0f\xd4\xb9+=\xa4}$\x0d\xe1\xb3\xd8z\
\xc5\xdbp\xf5\xe6wH\x9b\xa0\xcb7K\x0b~?*\
'3\x01H/\x93\xd5\xc4\xaa\xf1Mx\xe9M\x1f\x91\
\x01\x8a2~=\x81\xeb\x83\xcf\x0f\xd5\xbe_\xbd\x1c\x01\
?$\xeacTA\xbf\xaaF\x0cH,AvS\xd1\
j\x9f\xc7\xb6M\xb7cj\xed+a\x98\xb3\xa9\xfd3\
r\xf0\x85w\x8a\xd4O\xe7\xc7(\x08\xc0)\x8c\x8c\x9f\
[\xaf\xbf\x03\xe5BEr\x7f/\xf0{q\x96\xbf\x11\
\xbd\xf4r\xbf\xc4\x12\x111\xbe\x9b\xd2U\x8d\x18\x98X\
<\x9b\xc7\xb6Z\xb8\xe6\xca\xf7\xa0TX\x0b\xce\xdb\xf1\
+\x85\x16\x03\xfcp\x1fdL=\x09\x80D|\xdbX\
\xc0\x96\xcb^\x8e\x0d\xebn\xec\xe8\xfc\xb4\xd4/g\xc5\
I\x8aA\x8d\xb8^\xc4\xe2{\x02\x12\xc1\x1f\x90X\x08\
l\x8b\xb7P.N\xe1\xca+~\x07\x96MQ\xd2\xca\
\x92\x80\xdf\xe5\xf9\x11\x13\x00q>\x0dw\x9e\xb7\xf1\x8d\
n\xe5\xd3g\x90G\xc5YC\x0d\xf72\x12\x0b\xb2\x80\
\xef/1C~2\x0c\xc9\x06\x98Z\xfbjT\xcb\x1b\
a\xdb\xadN\x9f\x0d\x07~\x8cX\x0f\xd5\xb1_\xf0{\
\x12\xc0\xf8\xf8\x14\x0c\xbb\x8e\xd5+\xae\xc1\xe4\xf8&\x98\
V\xba\xde\xef\xb7\xb3z\x11K\xa7T\x1fu\xf4\x1e\xee\
\xf9\xcb\x8a\xcb\x1f<\x06R\xe8Z\xb4\xacPu\xe2\xf2\
\xcbE\x1c&\xf2\xb9I\x5c\xba\xe6e\xb09M\x9e)\
#\x00?1\xfb@\xc0g\x94\x00\xe3\xd2\xb7?\xb5\xfa\
\xdf@\xa5\xd9\xe0\x94\x18\xc3X1\x1f\x01?\x8b\xc5\x9f\
\x90\xdf\xdf\xc6\xd4\xb2\xa2\x9e\xbc~-\xfeN\xea\xd7(\
\xed\x10\x1c\x83\xcd\x0d\x5c<\xf9+\xd2aD\xb3\xa8\xc9\
I,\x1e\xf8bH\x02\x98\x9b{\x1cy\xad\x82\xb5\x17\
]\x0b[\xce1\xa4\x88\xff\xa0\x8c\x0f\x9eJ\xeb\xac,\
n\xdcNy\xc1\xfc\x89\xd2#\xcd\x82\xf7\xd7M\xf4\xce\
\x1f\xe8\xc4\x8c\xaaF\x12\x80\xddF\xb5\xb4\x01\xa5\xc2%\
\xe0\xdcH\xe8\xbb0\xb1\xa5\x5c\x1f\x08|1\x1c\x01<\
>\xf3 J\xc5\x8b\xe4\xc4\x0e\xf9\xf7\x83\xcb\xbe|\xcf\
J\xe0\xac\xbe\xf4r\x16\xce\x8a!\x96\x08\x95\xf9:'\
\x93\xaa\x11\xfd\x13Ko\xbb\x849\xb3\xa2\xfa8*\xa5\
\xcb%\x01\x04\x97G\x0f\x00~PP\xa4\x80K1\x18\
\xbe\xcc\x83\x13\x00\x93\xfb\x1c\x95\x8b\x17!\xa7\x97\xdcN\
\x89\x1b\xd2\xf4\xee\xac\x10\xd2\xc3\x1bq)\xc42\xa8\x05\
/b\xf2\xcb\xd9\x0c9\xa9&\x9cc'\xbe%\xeax\
\xf27\xd7\xa9\x0fE\xe9h(\x16\xd6\xba3\x85\x09\xeb\
\xe3\xb3\x82\x1f\xaaob\xf2\xf7\x05z\xa7\xc4\xd9@o\
\xe6 \x9f\x1b\x93\xfa\xdf\x94\xbe\xfe\xf0\x90f0\xce\x0a\
\x961Z\x8b?\xda\xa3\xdd\xce\x8e\x80/B\xf5\xf3\x95\
H`\x1bm\xc048\x14\x15\xb0,@\xd3\x19\xf2y\
Hu\x18\xd7\xfe@\xfd\xe4?&\xdd\xe5\xa9\xf5\xc9\x08\
~X\xbe%\xdf\x96\x8d\xf33L\x07;$ \xfd\xfc\
q\xcf\x1b\x82\xb3\xfc\xf9#\x95O\xb5\xe0\x87#\x96\x80\
\x9a\x88\x03_t9\xbf\xd5\x14\xb8\xe4R\x15\xb7\xbe\xa4\
\x80\x8b\xd6(8u\x82\xe3\xfb\xf7\xb7qd\xc6B\xa9\
\xcc`\xbb\x9b\xde\x05\xdb\xe3\xef \xaf\x1b\xb5%\x02?\
\x98+\xeb\x92\xaf\xde\x11AI\xcf[\x04G\x8a\xdf1\
\x14\xc6,v\x14\x117zH\xba\xcf\x7f=\x94Y\xf8\
\xca \xceo\xb7\x05\xd6M\xa9x\xd7\xfb\xca(\x97\x9d\
\xae\xbcj;p\xc3\x0e\x1d\x7f\xfd\x175\xec~\xdcB\
\xb5\xca`\xd9\xc9F\xac#\x82\xbdB\x97\x16\xfc~R\
\xdf\x9b3\x0e\xdb\xf1\x22#\xc0K9\xc1\x83P\xa5H\
\xdc\xbf\xfa\xdf\xe7%\xf8\x96Is\xec\x8e\xd8'\xce\x7f\
\xc7\x7f\xae`\xdbv\x0d\xf3\xf3\xe4 \xf3W1F\xda\
\x8c\x04|\x87\x94\x92o\xeb\x99+5\xf5\xbf;g\x18\
\xc18\xd1\x9cf\xc1\x8fr\x82'\x09|&\xc0\xc9`\
\xa3\xa0\x18\xe6\xdc\xdd\xfd-\xe7\xc9\x9dP/\xe6\x86|\
\xf9\xf2\x13S\x17J\xc0\xc5\xeb\xc8y\x03\xa8\x1a\xad\xbc\
\x81\x036]+2\xbc\xe3\xdd\x15l\xbbZ\xc7\xfc\x9c\
\x90\xe7)\xe4\xb5[\x96\xfbL\xf7(\x09\x80\x0a g\
\x10\x1d#\x1f\x16\xfcMv\x96\xe2\xe5u#\xab\xe3F\
_!\xf0S\xc0\x1a\x9d\x0aH\x1b\xee\x85\xd8)\x19\xfc\
\x01\x89%\x222B\xaaC(\xee\x0c%},\x06\xcd\
vM\xf6Xb\xf1\x5c\xb3p\x9f\xe7\x0ft\x15h\xb5\
\x80\xc6i\x06\xac\xa1x\xc0n\xff\xcbQ\x80K\x04\x7f\
\xf0\xee\x0a>\xf9_k\xd8\xf3S\x13\xe3E\x0a\x10\xf1\
\xc9\x15A\x91\xd1\x02:\xd7\xa04,\x88Z\x1dB\xcf\
\x03\xc2\xdb-\xd7\xbf\xd9\x9c/D:\xcc\xf9\xde0\x84\
\xe2\xec\x88\xd2<*\xa41y\x22\xf8\xb1\x81?\xc3\x10\
@\x170&\xb9)\xfb\x04\xcf\xa8|\xf6\x89\x16\xbf\xcb\
\xdd\x8c3hM\xc9\x8a0\x0b6\x9a\xe3&\xda%\x1b\
\xb6nw\xb6\x04\xccj\x970\x064\x1a\x02\xffc\x9f\
\x81\xf7]=\xd9\xc1\xc5\xe3A?\x11\xbc\xf3\xdd\x15\xfc\
\xe9g\xce\xe1G'\xe6\xb0\x22\xa7\xc1\x94\x01\x99n\xf9\
\x9cC\xd3\x14\xd4\x0b\xab\xa0\xac|\x11\xa0U\xc0\xdcp\
\xb2\x08t\x11\xb5\xe9~!\xbdC\xdb\xee\x9c\x9f\x03f\
g\x81Z\xdd!\x82b\xc1\x91(\xa4\x9b\x12\xf0\xcaJ\
\x03\x99$@\x97\xb6\x9d\xde\x08\x80\x1f\xe2\xc4nC\xc2\
z\xad\x7f\x0b\x9e\xa4\xa0\xd7\xc6\xb8\xb1>\x0d\xaf\xb5\xb6\
\x0a\xa3l\xe3\xe4\xe6y\x9c\xdeT\xc3\xec\xda\x16ZU\
\x13\xa6\xce\x1d\xa9\xe0#\xe0\xd8g\x89\xe8yrx=\
\xd4\xb2a\x1co\xe0\xce\xb5S\x01^\xf5\x88\x80\xbbD\
\xf0\xaew\x8d\xe1M\x07O\xe0\xbe\x85Y\xacRu\x98\
\x04\xb2+Qd\x1b\xd8\x0b\x91\xc3\x0d\x81\xb6\xfb\xfb\x22\
R'\x7f\x1f\xd2z\x0a\xd3\x04\xea\x0d\xe0\xc4)\xb0=\
\xfb\xa0\xfc\xf8\x11\xb0\xdd{ \x0c\x03(\x97\x03\xe5u\
\xd0\xf0W\xb6G\xca\xb0.\xc0W\xe6\xb0\x16\x7f\x1f\xc3\
=\xea\xe4z\x1d\xd04G\x0fw\xae\xbb\x8dc\x1c\xb0\
t\x81\xc37\x9c\xc3\x91k\xcf\xa36\xd9\x96\xdc\xceL\
\x06f3\xa8\xb4\xa4E\x06\xe9v\xe3\xf3\x22jG\x84\
\x01\xe8\xe6]\xc9t\xfc\xcd\xa9c\xb2\xcd\xef[\xbb\x1e\
\xaa\x0c\x01\xeb&\x19t+\x80\x09\xe8\xf8\xca\xd4V\xbc\
\xf1\xc0><0?\x87\x95\xaa\x06\xb3S0=\x83\x16\
\xc7\x98]\xe6\x89\x0cM\xbb-\x8f5bi\x0f\xd9r\
\x19\xe2\xca-\xc0\xf6m\xb0^\xfd\x0a\xb0}\xfb\xa1~\
\xf3[P\x1e|\xc8\xb1\x1b\x0a\x05\x0aD\xf0\x95\x97=\
\xf5$\x00\x8f\xfa\xdd\xfe\x89\x01?l\x06\x84\xc1\xf7\xeb\
\xf3`\xfe@e}e9C1\xe0\xc6[T\xbc\xe8\
f\x15\xe5\x8a\xa7\x84\xbb\xa2\x9f\xc4>\x89\xfb\xfa\xc4\x04\
\x14\xb1\x12\xaa\xd1\xcd\x13\xb6\x12\x92\xda\xd5\xeb$\x95\xd8\
pEP\x9c\xb5\xecD^\x03eM\xc5=\x9b\xaf\xc4\
\x1b\xf6\xef\xc5\x0f\xe7\xe71\xaej\xb0\xe8\x8a\xec3\xe9\
Gt\x8bw\x1a\xe7\x00\xdb5X=\x9b\xc4_\x85@\
\x1eZ\xecaR\x9c=M\xc8(\xe0[\xaf\x04\xdf\xb6\
\x0d\xec\xdf>\x02\xfd\xee\xcfC9\xf2,D\xa5\xd2\xf5\
P\xf9q\x1b\x95\x11\xe87W:\x15\x0c\x89\xe6D\xb1\
\x9a\x94?F\x15(\x8a@\xa3\x0e\xdc\xfaR\x15\xaf\xfa\
\x0d=\xa16^\x87i\x80\xd0\x9c\x9fy,KRd\
\xd0\xbd@E%\x22\xd8\x8a\x97\xef~\x02\x07[M\xe4\
\x19s\xe6Nc\xa4N\xda1V\x22\xba\x0bp\x04\xb9\
$)5\x9b\xf2\x22\xbf\xe1:\xb47o\x84\xfeW\x9f\
\x86\xf6/\x0fC\x8c\x8duuf\x1f\xf5\xef\x9d\x12\x1b\
1\xc4p/V\x17\x0b9\x06\xaf\x8e\x03\xbfz\x9b\x5c\
\xe1*\x89^J\xd4\x84\x0f\x0d\xdf\xbcUz\x8b\xf5\xe9\
\x95hE\xa4%\x04\xc6T\x15\xff\xf1\xe2\xb5h\xd8\xb6\
<G\xc9\xaf\xfa\xa2\xa0\xc7\x8b\xfe(#\x85\xec-2\
\x00it\xb0\xb0\x00Q,\xa2\xfd\xbe\xff\x02\xf3\xdf\xfd\
*\xd8\xfc\xbc4\x12\xb3H\xc0\x01T\x80+\x9b\xfdz\
<\x0d\xfc\x01\x88\x85\x8a'\x02X=\xc1\xa4\xd3E\xb6\
U\xfd\xc5x\xe1\x10s\x89ec\xa1\x00\x9d\xc4\xb4\xdf\
\xe6\xf0C\xd2\x03\xfc\x8874\xe9HyiD`\x98\
\x80\xc2\xd1~\xc7\xdb\xc1\xea\x0d\xb0\x87\x1f\x06*e\x87\
sF6\x0c\x0c\x1b\x81\xa1\x8a\x06\x90\x8ck\x5c\x1f\xc4\
Bm\x9a=Oj@\xa0Xb\xce8\xdc\xe7q[\
\x8e\xa4d\xc8C\xe0\x93\xc2z\xba\xd5\x82\xc1\xb9\x5cC\
A)b\xf4e\x00?q(\x1d\xe7\x08##\x90t\
\xbf\xa2\xa0\xf5\xf6\xdb\x91\x7f\xf6\x08Xm\x01\xc8\x17F\
\xd6\xb6\xd1\xc7\xf3\x05l\x89n~\xcf\xf36?\xcb\xf1\
O\xf7YR\x22P?Jg\xda2~z%\xe9\xf4\
a\x0c\xf3\xb6\x85O\x1f;\x86\xa2B\x12\xa0\xbb\xda'\
nx\x9chHgU\x07\xfe\xf3D\x04\xed6\xc4\xf8\
8\xdaoyK\x8csn \x09\xe0\xdcm\xdb4\x8c\
\xf19\x82\xe2\xc0\x8f\xd1U\x9d2\xc2\x22-M\x0c\xd2\
\xc7\x16(\x94\x18\xa6\xef\xb7\xa4Cf\xc7M\x1a\xd4K\
-\xd89\x0e\x16\xf0\xd8%<'\xc6\x1b\x96\xd8\x0f\x22\
\xf94\xf3\x8d\x026\x17\x8a\x12\xe0\xb8D\x06 \xbd\xf5\
\xa3f\xdbx\xc3\xbe\xbd\xd8\xd7l`\x8cF\x01\xae1\
\x96n\xecy_\xe3\x88\xa2\x0fu@\xfdN\xa2s\xa1\
\x06\xf3\xfa\xeba\xdet3r?x\xd0\x19\x22\x0eJ\
\x00\xde\xb3\x0dc\x1e\xb6\xedlA\x12&\xacx\xdd\x94\
\xd2h_\xa6\xf8\xb2\xdc\xae\xe0@\xae\x00\xfc\xf8\xfb\x16\
\x1e\xfcy\x0b\x8f\xfc\xdeaX9Zr\x1c$\xb8$\
\xd1\x19w>\xc2=)\xbaX\xb8ob8m\x9ax\
\xfb\x9aK\xf0\x81K\xa7\xa4\x88W\xe2\xc0\x87\x03\xfe\xeb\
\xf7\xed\xc1\x03ssX\xa9\xe9\xd2#\x18\xdf\x0f!u\
\x90\xc4\xe5\x09\xea \x8bD`6G\xfd%/\x81\xf6\
\xf0\x8f\x80Vh?\xa7\x98\x94B\x22B\xbe\xfd\xac\xde\
<\x8d\xb6Ys\x97:\xf9\x1f\x96 \xda\xc3\x8d\xed\x94\
\x16\xcc\x9f&=\xe8\xc8\xc1Q\xd1T\x9cy\xc1\x02\x1a\
c\xa6\xf4\xfay\xa0\xf7>v\xd7\x0ev\x8f\x22\xf8;\
\xee\x9cp\x8e\xd4)\xe7,\x13\xb7\xaf\xb9\x04\x7f\xbc\xee\
2h!'P\x18\xfc\xdf\xdc\xb7\x07\xd3ssX%\
\xc1\x8f\x13\xfb\x03\x18}a\xe6\xf0\xb5)Q\x1d\xd0\x0e\
-\xad\x16Z\x97_\x81\xd6\xc6\x8dP\xda-`j|\
P\x02\x00\xa6\xa6nA\xa3u\x1as\xb5#R\x9a\xc8\
F\x0c;\xdc\xf3\xe5\x8f\x88\x0c\xbf\xee#G\x8f\xc6q\
jS\x0d\xaa\x954\xc1\x91&\x92b\xcaw\xe7W\xd2\
t\xa3\x0a`\xde\xb2\xf0k\x13\xab\xf0\xa1u\x97I]\
N\x89\xa5\x80\xff\x80\x0b\xbe!\xf3FU\xcf\xc8\x8c\xbe\
@\xd3\x13\x1cn\x82\x83\xeb:\x9a\xd7\x5c#\x87Ts\
\xf2\x1d\x86\x83\x12\xc0\xf8\xf3\xd0\xb6j8~\xfa1g\
\xdaS>\xb4\xc7po\xc8\xe1\xa1W\x82b14&\
L\xe9\xe2UL\x16\xcb\xe5Q\xb5\x13\x15\xfb\xe15\xff\
\xb1\xea\x00\xdd2\xa9\x8d\xa4\xd3\x7fw5\xc5\xf2\xb9b\
\xb5\x87\xd8\x97\x9c\xef\x19Jqb;\x8e\x16\x13\xd4V\
/\x11\xefos\xb0\x9f\xdd\xbc\xe4\x1f0-\x98[\xb6\
H\x1f\x01ff\x86\x08\x0b\xc7\x9c\x0cl<r\xea\x01\
\xe9\x8d\x8c\x08\xc2,\x16\xff\x80\xc4BS\xba\xb5\x95m\
\x18EK\xda\x04\x9dF'q\x89\x7f4\x92$VS\
:\x15\xee\x0f\xd2\xdeE\xa6`Rw\xbc\x90\xfeH\xe8\
0\xf8\x1d\xb1\x9fb\xf1\xa7\x1a}=\xd5A\x12\x97\x87\
\xe2\x10C\xed\x87i\x82_\xb4\x06|\xc5\x0a\x8c\xcf<\
\x9e\x06q\x8fQ\xce\xdc\x0crZ\x09\xa7g\x7f\x863\
\xb3{\xa1\xaa\x9a\x9c\x82\x8c\xabD\x94z\xc3\x94\xdf\x07\
\xb1H_?\xd0\x1a7\xc1\x15\xd7\xdd\x17\xe2\x92`G\
u\x8fr\x9d\xae\xab\xb3U\x1aF\xc6qI\xe4^\xd1\
\xf9M\x00\xcf\xdb6\x9ej6e\x19d\xcd\x93T \
\x90\x93\xc1\xf7\x03\xd9\xcb\xf2\x0f\xab\xc3 \xf8\x83\x12o\
\xb7_)\xaa\x85\x83\x97J\x10\x13\x13\xce\xc9\x84\x11L\
O\x02\xa0\xb7\xdf2(\xb0y\x1b\xbb\x0f~\xc9\x19\x09\
D1\x88P\xaf\x97\x12;$\xaea1b\xd2(\xda\
\xa1sq\x96}\xb7S\x09\xa0&\xe78gY\xa8\xdb\
\xb6<\xd2o:\x9f\xceQ\xe8\x1e\x05\xe4\x90\xef\xe3\xc7\
\x8e`\xd6\xb2\x90S\x14\xa9\x12\xe8\x1c\xfd~\xfd\xbe\xbd\
\x98\x9e\x9f\xc3*\xdd\x13\xfb\xf1\x00\x0e\xec\xe6\xed[\x1d\
t;\xb0\xfb,.\x83HD\xc9\x9d.\x1e\xc6\x13\xc8\
\x85\x8d\xbcV\xc5\x81\x99\xfb\xb0n5\xad\x10~1\x9a\
\xed\x96\x8c\x16N\x06x\xc8x>\xd7\xdf\xe0M\x92\x85\
\x09#nhD\x5c?gY\xb82_\xc2o\xaf\x5c\
\x8d\xa9\x5c\x1e\x87\xdb-|\xf1\xec)<\xd5j\xa2D\
\xdb\xa6EoC\xb8.\xc4\xed\xa4\x02\x9eh4\xf0\x9a\
\xbdO\xe2\xad\xab/\xc6\x15\x85\x02\x0e\xb5Z\xf8\xdc\x89\
\xe3x\xb2\xd1\x08Z\xfb}\x80\x9fy\x5c\xdf\x97:\xf0\
K\x02\xf7(\xf32\xc7A4\x92x\x00\xb97\x8e\x82\
\x07\x1f\xfb\x10.^\xf5U\xe8\x1a\xed\x11`\x05\x16=\
\x06\xf4[\x8c*H\xa6\xf84\xe7R\xd7B\xf3\xf6(\
\x8b\xebT\x1a\xa6\x9d5-\xbc\xb8\x5c\xc5g\xd6o\xc6\
8Y\xac\x00n)\x8f\xe1\x95\xe3+\xf1\x9b\x07\xf7b\
O\xab!\x81uq\xeb>\x1bQqJ\xd1]eU\
\xc5\xfeV\x13\xefz\xe6\xa0\xec$Cp\xe4\xa1`\x5c\
\xa3\xc8\x1f\xaf.>q\xe7o\xff \xea E\x22\xf8\
Eg&\x89\xd0G\xca\xe6\x0a\x16\x14\xdeT\xc4\xf9\xf9\
\x03\xf8\xde\x8f\xdf\x0f\xa6(\xf2C\xd2\xc1\xd7o=\x87\
\x87q\xc3\xbdd\xf0\xbb\xc74\xb5#\xc1\xb7,\xdc\x5c\
\xae\xe2\xae)\x07|\x9a\x99#K\x85@\x9bP5\xbc\
k\xcd\xa5.h\xfe\xcd\x9b\xc2\x0bB\x82\x9cD\xbbm\
\x15\x98\x82\x15\xaa\x86\xb2\xa2`\xa5\xaaK\x17\xaf\x15\x02\
?Q\xc4\x07$W\x9f\xea A=\xa6JQ\x7f\xff\
w\x07$\xa3\x8b\x0a\xa6\xc8\x96|n\x02O?\xfbm\
|\xf7G\xef\x87\xaahP\x15\x1d\xb6\x9c\xaf\x1dl\xb8\
\x17$\xd6\x18\xb5\xe0ky\x5c\xc7t\xc0/U\xf1\xb9\
\xa9\xcd\xa8(\xaa\xb4\xe2\xe9<\xe9}M\xee\xdf\x03l\
\xce\x17\xe55;\xe4\xc7\xa0\x14K\x80\xeec\x09k\x8b\
\xc6\xd5\xf2\xe8H\x06'o:\x97\xc7q\xe4Pn\xde\
@\x01\xd1z\xc6\xf5\xbf\xef\xea(\x08\xc0)\x88\xc0.\
\xe4V`\xcf\xa1\xaf\xe2\xbe\x07o\x87a.\xa0\x90+\
\x82\xcb\xb0'>\xba-\xda|\x14\x1cU!\xce9\x0d\
\x0e\xf8/.Uq\xb7\x0f|\x7f\x83\xbcr\xcfX\xa6\
\xf4\xe9w\x8d\xc1 \xb7\x8bXi\x14\xadw\xe0Z\xe4\
\x18\x96v\xdd\x07\xc5\x12v\x96\xbcY\x8d\xbeh1\xa3\
\x94\x00A\x0a&\xb1_\xcc\xad\xc0\xa1g\xef\xc7\xd7\xbe\
\xfb:<s\xec\x01\xe4\xf5\x12t\xb5(;\xa1\xbbA\
\xb4\xe8=\xdc\x8b\xebH\xff\xff\x98N\x0d\x83O\x9c_\
\x8e\x03\xdf7\xa1s\xd7\xe9\x13\x1d\x8f^\x9a\x0f@\xa6\
P\xc5\xc2\x9d\x1c\xe0\xaa\xa4\xbc>\x82J\xe5n\x0co\
\xf4E\x88W\xfe\xcb\x1e\x1a>\xd0\xd20\xda\xf0\x80\x16\
\x8d\xce\xd7\x0f\xe3\xbe\x07\x7f\x17\x1b\xd6\xbd\x1cWo\xfa\
-\xac^\xf9B\xd0\xbe\xc2\x96\x5cIcJb\x11r\
\x02\xc7\xdfA\xbdg\x14i\xec\xef\xec\xc8\x19\xdd9\x94\
\xc0\xa7\xe1\x1d\x19|\x9f[\x9f\x0c>%\x1a\xbe\xfd\xf1\
\xb1\xc3\xf8\xc6\xec9'N\xaf\x13b\xdc\xe5\x12\x91\xa8\
\x0e\x82G'\xbfO\x1a\xa5\xa8\x03\xafLg\x1a\x9bA\
\x0ef{q\xb9\x1f\xb2\x0c\x0e ?\xf1\xc6I\xae\xac\
R\xa0\xf700|\xa2\xf3P[\xee\x9fK\xdf\x0f\xcc\
|\x13\x87\x8e\xde\x8f\x8b'\xaf\xc5\xd4\xc5\xb7b\xf5\xca\
kQ)\xafCN\xabB\xd5(0\xc1\x1b-x\x01\
\x90^\xa5\xe3'\x84hE\x8d\xa6\xd2\xd6\xec\xb3\x01A\
\xec\x81\x7fs\x0a\xf8^\x15I\xdf\x7f\xf4\xf8\x11|\xfa\
\xe4qLj\xba\xd4\xe5q|\xc1\xe2\x86Q\x09\x12\xc1\
\x8d\x89\x0dwF4\xb9\xa7\x9b6G\x9b^\xe8D\x0b\
;\xb2L\xe6\x84t\xf8@\xea\xc0\xb3\x00=\x1182\
\x09\xe0\x91T`\xe7o\x87<\xf2\xb9q\xb9m\xfa\xd1\
S\x0f\xe3\xc8\x89\x1f\xc8\xed\xe2\x8b\xf9I\xf9\xc9\xe9\xb4\
]\xbc\x16Q%\x1d\xb1\x19n-\xfdW\x15\xb0\xd9\x06\
\xec-\xb7BSwB\xf0\x06\x14\x95a\xce\xb6q\x13\
Y\xfb)\xe0\xc3=G\xe3\x93]+&\xf1\xa6U\xab\
\x9d\xaa\xc7\xb5'&%3M\xc4\xc2\xea\xf4q\x5c\xd9\
T\xb7\xb3\xa6\x89/\x1e?\x89\xffv\xec\x04Jr\xdb\
\xf4\xe1\xdd\xbc\xb1\xaa4F\x8d\x06\x88z\xd4* \xd4\
Vw\x97l \xa7\x91\xe7In-\x8ff\xeb\x0c\xea\
\xcd\x13\x1dQ\xee\xe5\x0e\x02\x1e.\xc9IL\xd5`\x9f\
\x9fE\xa5v\x05*\x8c|\xf2\x02M\x0el\xca\x15p\
\xd7\xbax\x83/\x9c\xc8s\xb7\xadX\xc2\xf2\xa6\x22n\
\x1a\x1f\xc3\x84\xaa\xe2\x13\x87\x8f`B\xd3;\xea`X\
\x11\xef\xbb\x1c\xc8\xdbA?\x9b\x09\xd0\x8b\x00\x1cgp\
\x129u\xcfxz\xb0{\x86\xde\xae\xa1\xb2\xee>\xc5\
\x91)\xe0\x84\x92dRU\xa8:\x87J\xe0\xbb\xa2\x9b\
\x5c\xbao[u1\xaa\xee8\x9f\x86z\xbdR\x7f\x01\
\xd2\xa3O\xde\xcc\xe2{.\x9f\xc2\x97O\x9c\xc2\xbci\
I\x8fe\xaa-\xd0S\xc4\x87\x8e\xa1\xbc\x11{b8\
\x02\x18\x07\xc4|o\xf0\x13@\xed\xe8\xfd\xe8M\xb1%\
u~Q\xe8\x17\xb7\xa5\xfd\xe0i\x1e\x1d\x0c\x97\xe7\xf2\
\x12\xd4\x0c\xd8\x0f\xb8\xf4y\xb4\x89\xc0\xa7\xb4B\xd7p\
I.\x87\xd3m\x13e\xd5]/0\x0a\x8b\xdf/\x11\
\x02\xf7\x04W!\xa5\xd6\xb1\xb7\x04\x18\x04\xfc\xee\xf5\xfe\
\xc1'\xa6\xb7\xa5\xe7qr\xe2\x05\xe0\xdc\x94\x964\x05\
[<c\xb4\x9d\xd9\xbd\x8c\xe4\xcd\x97\xfa#|\x1f\x9a\
I\xa4\x11\x8d\x00\xce\x9b\x16\x8e\xb6\x0d\xe4h\xb1H\xc7\
\x19\x15\xea\x83\x8c\xea *\x11\x82\xb6T\xf7^\xb1\x88\
\x1bD\x04j<Z\xf0i\x22\x97f\x1f+\xa5\xf5\x18\
\xafn\x81e\xb5\xe4+(\x0a\x8c\xe1\xb3g\x8ec\xc1\
\xb6\xa5\xf8\xcf\xb6`c\x89?\xcc\xf7\xf1<\x92\x0c\xf8\
\xb3gfp\xbc\xd5FN\xbez'\x9e\xcb\xa3\x00\xc6\
\xab\x83X\xa3/\xc1F\xa04>\xd2\xfd\x01\xba\x9b\x9e\
\x0e\x01~\x82D\xf1N3\xda\x7f\xa7\x85\xc9\xc9kP\
PW\x80\xf33\xe0\xc8\xa1\xa0(rr\xe6m3\xfb\
q\xf7e\xbd\x0dA\x9a\xaa\xdd\xef\xce\x02\xfa\x97h%\
\xd7\xc2K\xc9\xb6J\xe2=\xa1\xe1\x80\x07\xe8Y\xc3\xc4\
\x17\x8e\x9d\xc0\x17\x8f\x9d\xc0\xb8\xa6\xcay\x84T\x8b\xdf\
\x13\xf1\xfe\xe7\xc5\x80\x9fj \xca/\xee\xcaUnK\
\x19>\xb2\xb5\x81i\x9d3\x12\xf0\xdd/\x14w\xb0z\
\xd5\x8dP\x1an$\xb2\xdc\x13\x81\x96^ix\xb06\
\x8f\xb7>\xb3\x1f\x9f\xbf<\x99\x08<\xe9\xf0\xf7gO\
\xe3S'\x8ea\x15\x8d*\x22!`\x9e\xe1\xea>Y\
D;;\xcd\xd9\x13\xdf\xf9A\xc3M\xfa\x01l.\xc1\
\x97+\x85\x06\x11\xf1\xa1~\x0a\x13E\xf0\xf9\x1eJ\xce\
\x12+\x85\x96\x95\x8fraH\xfa\xe6\x13b$\xe0\xcb\
I'}\x05VL\x5c\x8d\xe2|\x1e*\xd7:S\xc1\
\xa4Si\xf9\xf5\x83\xb59\xbc\xe5\xd0S\xa8qZ\x83\
\x17\xb5\xf6\x99+~?\xb8\xee2\xdc\xbef\xad\x8c\xf0\
\x95\xaf\xbb\xf3\x81\xef\x01,\xbc\xa3\xdb\xa9\xfes\x88\xc9\
\xcb\x13\xa3\x8e}\xe7];\x80\xa4\x16\x19\x80\x9d\x81\xf0\
(\xdc\xbc^/G\xf2z\xfd'W\xd8B\xa1\x8d%\
\xe6\xce\xfb\x0b\x1ap\xb7\xf0\xce\x17\xd7\xb2I\xc95<\
\xe7+\xb0\xec\xa6|;\xd7\xc4\xca+\xb1\xb0\xef'\xc0\
BS\x066x\x1cj\xbaD\xf0\x83\xda<\xde\x9c@\
\x04\xde \x81\x0c\xae\x0f\xaf\xbf\x1c\xafY1)W\xed\
\xc8!X\x80\xa5\xe0\xbe\xb82\xbe\x8e\x9dz\xf9\xee\x91\
\xf3\x0b\xa12\xfc\xe8\x05\xb6\x83\x14B\x12m\xb0\xe8!\
\xdd\xbc\xb1F\x9f\xef\x87\x9c\x0e\xd5\xa1\x9c>\x09e\xf6\
\x1c\xe6\xa6\x9e\x87\x91\xcd\x06.&\xf8\xf0m\xb1\xbav\
\xf2\x16\xec>r\x0f~\xf8\xed7\x83\x1f>\x0e\xe4r\
r\xd9\xb3\xd7QD\x04$\xd6\x7f\xb00\x8f7\x1dL\
&\x02O\x17\xff\xde\x9a\xb5r$\xe1E5'\xf9\xf8\
E\x0c\xe7yet\xfa\xd8'\x11b\xf3f\xe0r\x7f\
\xab\x93\xf3\xa6\x88\xf8\x88\x9a\xf0c\xc0\x01]\x83\xbe\xff\
)\xb0\x06\xad\x0b\x98\xc2\x90\x04\xe0\x0f\xc9\x0d'\xb73\
\xba?#\xd7c\xcf$\xdc@\x1eE\xdaY\xf3\xc8\xf1\
\xfb\xf0\xe8\x9e\x8f\x80\xb5lX\x0f=&\x1b\xe4\xf9\xb8\
\xbd\xfb\xbbD0\x877=\xbdO\x06kF\x88\xc0\x1d\
\x87_\xa4;\xc1\x1c\xde\x10\xccy\x96wL\x06\x1fq\
\xa0\x04\x88!)oF7\xafw\x7f\xa8o\xfa\xb2\xf8\
\xc33\xa62,\xdcD\xf9\x89\x9fA\xd0\x1c\xc4\xdc\xdc\
\x90\x04\xd0\x03\xfc\xe4|!p\xbdJ\xa6\x8a\x5c'\xd1\
K\x19\xc9\x8b\xa8\x94J0\xbf\xfb \xf8\xd9\xf3r\xaf\
\x98\xee\xc2\x94 \x11<\xb00\x87\xdf\xf6\x11\x01\x9d\x97\
\x91\xbc\xb4J\x17\xc0\xbefS.\xf6\xf0\xc7\x03\xa4r\
\x94\x08\x1e\xe3@\xf1H!>\xef\x10\x22\xdeOdY\
\xd5A\xe7\xd9\x1c\xb4\x97m\xf1\x99C(=}\x00<\
_\xc0\xf8\xd0\x040\x22\xf0{\xdc\xd0\xbd\x22\xdd\xa79\
g\x07\xac|\x1e\xfc\xf0\xb30\xef\xfb>P.\xc9p\
\xe7p\xa7:D\xa0K\x22\xf8\xad\x03\xfb0g[r\
\x1e\x80\xbcpyE\x91\x91\xbc\x1f;zD\x9e\x8b\xd3\
\x9b\x22\xa3DH\x044F\x22,\x96\x9b7\xad\x9e\xf0\
l\x13E\xc1\xf8\xf7\xfe/\x14\xda\x5cJ\xee\xed<7\
\xea\xc9\xa0\xc1\x1c<I\xd7\x03W\xfclD\x898\xb8\
X\x80\xf1\xe5\xafA\xddy\x13\xd8\x8a\x09\xb9!\x82\xdc\
2\xc5\xaf\x0e@\x86\xa1\x8e\x1f.\xcc\xe1\xd7\xf6>\x89\
\xdfY}1.\xcf\xbb\x91\xbc'O`o\xa3!\x83\
<\xbd\xb7\x9d\x85Z\x81\xc1\xd4A\xcc1\xd47\xe9\xea\
`\x98\xa8\xa4(\xf8\xb4G\x80\xa8V\xa1=\xf2c\xe4\
\x7f\xf4\x108\xed F;\x86\xf4H}\x12\x00U'\
\x14\xab\x1d\xba\x1e\xf9\x95A\xe4\xcb\xabqC\x15:\x97\
\xcb\x81\x9f<\x8d\xf6\xa7>\x8f\xc2\x9f\xbc\x17\xa2m\x04\
\xca\xf6\x8e\xb4)\x13\x05}\xeco6\xf1\xceCO\xcb\
x@R\x01\xb4WO\x04\xfc\xb8\x0eDvu\x90\x89\
\xcbCEgQ\x07\xbd\xb8<\xb1\x07IZ\xe6r`\
ss\xa8\xdc\xf3\x05\xf7\xa5\x96\xd9\x92\xb24\x9c?\x00\
\xf8^\xa2W\xd6\x8fU`\xdd?\x0d\xe3\xee\xff\x0e\xb6\
b\x1c\x82v\xc4\x08\x8b`7p\x93\x8c\xbd\x15\x9a\x8e\
\x8a<j2\xb27\x0d|\xe1\xe3\xbc\xa8H\xcf*\x11\
\xd2\x8d\xbe\x91\xbay\xc3\xc4K\xe0\xbb\xbb\x88\x8e\xfd\xed\
_C;\xfa,\x04m\x1b'\xa7\xe1{;\xcc3\x0f\
\x03\xe5\xf3b\xc9\xca\xdfD\x7fC\x03\xbf\x06\x03\xdf\xbb\
\x9f\x88\xa0R\x81\xf1\xd9/\xc1\xb8\xe7\x7f\x81\xad\x9cp\
:\xa0\xb33g\x97\x18(r\x97\xbc~\xf2\xc3\xdd\xb7\
\x1c\xa5\x82\x8f\x81,\xfe~\x8c>\x7f\xa7\x0c\xef\xe6\xf5\
=\x9b\x18\x81\xd60\xea:\xaa\x9f\xf9\x14\xf2?y\x18\
\x5cn\x17\x97}\x22<U\x05h\xf5\x1c\xe7h\xc9h\
\xe8\xf8e\xd5Q\xf0F\x0e\xbe{\x90\x91d\xe5\x22\xcc\
\xbf\xbc\x0b\xe2\xfc,\xb4\xb7\xbd\xd1\xe9\x89z\xc3Y\x01\
\xe3\xdf\xc0\x22\xc6Y\x92\x99\xa3\x84\xf7\xc0d\xfd\x1e&\
\x8aQF\xf3&\xe6\xf5\xd7\xd3\x8bm\xacT\xc1\xe6f\
Q\xfd\xec\xa7\x1d\xf0\xabcr\x08H;\xb98\x9b^\
2{A\xd3\xf8\xc0\x04`\xac\xd6\x0d~\xa2\xd5r4\
\xbf\xb41\xfd\x01aK\x07\xbes\x83\x13\x08P)\xc3\
\xfc\xbb\xbf\x07\xdfw\x00\xda\xef\xbf\x15l\xf3\x06\xb9\x13\
\x86\xa0\xdd0<B\x91\xb7\xf9\x16\x94\x86\xb9/\x83:\
Xr\xa3\xaf\x93\xc7G\xbc\xfez\x92H'\xff2Y\
\xf6\xb4\xec[Q\x91{\xec'(\x7f\xe9\x0b\x8e\xd8\xaf\
\x8c\xb9\x1bE:X\xd1.\xc9\x02hU\x0c\xc3p\x1d\
\xc2\xb1\xa9\xa7\xadp\xe9\xe5\xdb\x1f/\x15KW\xeb\x9a\
\xca\xe7\x17j\x8a\xe3\x5cYb\xf0\xc3\x89\xe2\xeb\x16j\
@\xb5\x0c\xf5U/\x83\xf2\x8a\x97\x00\x97\xads\xf6\xcf\
3\x0c\x08z\xc1!\x0d\x19=\xbfA\x12\xd0H\x06?\
\x8eH\x1cbr\xd7\xe0\xc7\xbat\xdd\xfb\xfd\xe7\xe4\xde\
\xc1\xc9\x5c\xde\xb1=\x92\xd4\x01I6\xfah\xba\xb3o\
\xaea@;\xb0\x1f\xa5\xef|KZ\xfb\xb2\xcd\xb4#\
\x18\xb7:\xf5\x1d\x1b\x1b\xe3\x86i*\xf5z\xe3\x89\xd9\
3G\x9e7\xa8\x04p7\xc1dG9\x17W3)\
W|\xe0,\x0a\xf8\xbek\xb1\xe0\xbbg\x88\xd2i/\
<\xcb\x86}\xcf\xbd\xb0\xff\xf7\xfd`\xd7]\x03\xf6\xa2\
\x17\x82m\xd9\x08L\xae\x82(\x14\x03\x9b&&\x1a}\
\xc2\x0fV\xb2D\xe8\xe4!u\xd3h:~\x0aw\xe5\
Q\x84\xbb\xbds\x04\x1cmv\xe4\x11P\x12\xd0\x1ea\
\x85\x9fM\xc4C\x22\xbd^\x87z\xea\x14\xf4\xfd\xfb\x90\
\xfb\xd7G\xa1\xef\xdb\x03f\x1a\xdd\xd5\xbf.\xf8^\x22\
\xac\xb8M\xcb\xd9q\xd4=\x157g\xd6\x83\x00v\xee\
T0=M[.\xef\xe3\x9c\xbf\x8c\x0aUd@\x83\
X^\xf0\xbd$\x0d\x1d\x06L\x8c\xcb\x1d\xb5\xc5\xf7\x1e\
\x00\xbe7\x0d\x90\x11\xb4r\x02l|\xdc\xddV\xbdk\
\x1btK\x11\xa1\x89 J\x22\xf0;\xd8$\xe2z&\
\xc1\x10[\xb6\xc0|\xfd\xeb\xe4f2R\xed(j\xd4\
\xe8\xa3y\xff|\x01\xca\xde=\xc8\x7f\xe5+\x146-\
\xd7Gx\x13\x14\xc1\xc7\xa6\xb4\x9b\x8c\xdf&\xcd\xea\xcd\
B\x99\x9b\x05k\xb6\x9ce\xdf\x85\x22\x84;?\xe2\xbf\
C\xeahZ\xb7I*\x80\xfc\x02\x8c\xed\x1d\x9c\x00\xbc\
;\x99\xfa\x08-\x09\xa3.\xd0T\x15\x8642\x82.\
\xd5P\x97->\xf8\xfe\xecr\x93D\x06T+N\x07\
\x13a\x9c<\x0dq\xec\x84;w\xdb1\x02\x12k\xc8\
\x12uM\xf7\x81rdM\x7f\x8f<\x06\xf6\xd4~\x18\
\xef\xf8O\x10\xab\xd7\xc8\xedZ\xe5\x1b>\xc2u\xa7\x15\
R\x13\x13P\x0f\xec\x07k4\x5ci\xe4]\xf5\x0c\x95\
n\xddb_\xc9G\xd7\xa8l\x1a\xe6\x11\xa1\x91\x91G\
\xe7\x08\xf8\xc0\xbd\xce7\xeac]\xd3%V\xb4xG\
\x01\x1eMkU\xfcS\xbbIR\xcd\x86\x0d/\xd8\xdc\
\xb6\x8d\xdd\xd5jU#\xb1W\xa7y\xe6\x10W\xa5\xf5\
\xde\xd0\xfa>\x0d\xfc\xa4gK;%\xcb^\x81\xa2\xc7\
#bD\x02\x95\xbdP\x83X}\x11\x8c\xb7\xdf\x0e\xeb\
\xba\xeb\x5c\x8f\x9b\xa3\xab;\xed\xe06x\xa1\x88\xd2G\
\xff\x04\xfa\xbf>\x06N\xe2\xda\xbf\x91s\x8f~\xe9F\
Q\xbb\x05F\xf2Gk\xc9m\x8eJ\xa5\x02\x92\xd4\xf3\
\xf3\xf3\x96\x8a\xdc\xb63g\x0e\xeeO\x93\x00i~\x00\
)c\x0f\x1e\xfc\xe9\x01\x01\xf1\xa4eY\xd0tgH\
\x11\xa3\x04\x96\x14\xfc\x9e<-\xc3\xa1x\xe7#\xf5u\
\xe4c;\xd2\xc2\x0e\xe6\xeb\xe6\xa5\xed\xd9\xdd\xef\xbe<\
\xd2\xfe\xa8\x96\xc1f\xcf#\xf7\xa1\x0fC\xbf\xf7\x7fJ\
],\xb9\xb43W!\x1c\x91\xafi\xb0\xb7^%U\
\x87\x04\xd0_Fl\x9d\xbcz\xd8\xbe\xe7zR,\xbe\
_:\x92\xd8}\xd1\x85\xaek\xdc\xa4\xfd\x83\x81'\xcf\
\x9c9x\xc0\xb7\x8d\xf1\x00\x8e\xa0\x9d;\xe5\x9a&\x06\
\xe5\xeb&Y\xd6`\x5c#\x11\xe3\xed\xb2\xb0L\xe0\xa7\
>\xdb\xd7#A!\x19\xca\x94,X\x10\xcb\xf9\xfeD\
\xfa\x95t\xb0\xae#w\xf7\xdd(|\xe2\x13\xce\x1c\x05\
\x0d\xcf,\xabk\xbd\xd3n]W]%g\xe5|\xaf\
>\x89\xafw\xe7q\x89\xb6v\xa4B\x01\xc3\x93\xc4\xbf\
N\x8b\xe7\xc0Mz\xd5\x19c_w\xaf\xa6n\xb7\x9d\
N\x00\xd3\xd3\xb2\xd69E\xfd\x8aeY\xa6i\x9aj\
!\x9fO\xedZ\xaf2\xcb\x0b~j\xed\x86\x00_t\
\x16^J@\x09\xe4\xf1qh\xdf\xffg\x14?\xf0\x01\
(\x87\x0e\x82\x8f;\xe3qi5\xb4\x0d\xd8\xeb\xa6\xc0\
\xd7\x5c,\x87oiI\x0c\x01\xbe\xfcJn\xf0B\x01\
\x84\x11a\xa5\xea\xdaW\xdcK|\x18W0\x07v\xa9\
\x87\x0e\xfd\xfc)@|\xc70L\xa6i\xaaE\xc6\xe0\
\xf2\x80/\x96\x19\xfcP\xa2\xb6Z\xb6|Q\x83:3\
\x83\xd2\x1dw \xf7O\xdf\x05\xa7\x17\x1eH\x09`B\
\x8cUao\xde\x0cF\x04\x90\xf4\xf2m\xdf\xff^\xe0\
wz d\x83i\x9a\x0aM\xd3\xacV\xdb`\x8c)\
\xdf>s\xec\xd0S.\xf7\x0fE\x00\x9d\xa4j\xecO\
\xc9\x0e0L\x83\x95J\xa5\xeez\xfb%\x05\x1f\xcf\x1d\
\xf0)y'iCm\x1arZ\x16\x8a\x7f\xf9\x17(\
\xde\xf5\xb7\xf2\xed\x1e\x22\xa7CX\x1c\xe6\xf6\xedHJ\
\xbd\xc1\x8f\xb1xB\xf98\xe7(\x97J0\x0c\x83\x11\
F*\xf0g\xc8\x982\x10\xc0\xbd6p\xa72\xf3\xf4\
\x93\x0f\x09a\x7f\xa3\xd56TMU\xed\x9c\xae\x07\x00\
\x1f\x0e|\xb1\x8c\xe0\x8b\xe1\xc0\xf7\xbe\xb8\xb3r\xbc\x5c\
A\xee\x1f\xbf\x8e\xf2G>\x04\xe5\xdcy\x88|\x0e\xf6\
\x15\x1b\xe5\x5c\xbd\xff\x9d>\x91Z\xa7?$\x11|\xf2\
4\xe6\xf3y\xe2~\xbb\xd9j\x11\xc7\x7f\xe3\xf4\xe9\x99\
\x87|\x8b\xa41\x02\x09\xf0A\xfa\xc7\xa0\xe6\xff\xd0\xb6\
\xadV\xb3\xd5D\xa5\x5c\x16^\xcc\xdd\xf0\xe0c\x19\xc1\
\xc7\xf0\xe0{\xbf\x5cK_\xda\x05O<\x8e\xca\x1d\xef\
\x87\xfe\xf0\xc307_\x09{\xfdz0z\x1d\xb9\xbb\
u\xdb\xf0\xe0;\x84K\x18\x10\x16\x8dF\x13\xb6e\xb7\
\x94\x9c\xf6\x87\xfd\xbcH%\xab\x0a [@9z\xf0\
\xa7\xfb\x19\xd8\x1f\x19\x86\xa5Z\x96mU+\x15)~\
\x92\x93XF\xf0\xc5\xd2\x82\x0f_\xa2\x91@\xb9,\xdf\
\xe1S\xfd\xe8\x87Q\xf8\xe6?\xc2x\xfe\x0b\x9c\xb7\x7f\
yq\x89C\x83\xef\xecdV\xadVaY\xa6\xd56\
\x0c\x951\xf6Gg\x8e\xa6\x8f\xfb\x87y\xe5\x0e#\x22\
 \x95p\xe9e\xdb\xbe\xa3\xa8\xeaK\xab\x95\xb2e\x9a\
\x96V\xab\xd5\xa0D6%\x0c\x8a\xd5\x9e\xe0G\xa4\xf0\
\xb0\xe0c\xb4\xe0\x8b\xe4\x1bb\x8dCJ4i\xc4m\
0\xd3\x84\xbdn=\x94S'\x83%g\x01?\xa1\x22\
\xc4x\xe4\xf4\xc9\xe9\xba57\xbf\xa0q\xc1\xbfs\xee\
\xd4\xccm>\xc3\xaf\x97X\xee;(T\x00\xf7R\xa1\
\x8c\xe7\x8bo\xb0m\xfb\xe0B\xad\xae\xe5\xf3\xba].\
\x97B\x92`\x91\xc0\x17\x19\xc1\x17\xcb\x04\xbe\x089m\
h2\x87\x5c\xb9\xf9<\x94cG\x83\xc3\xbc!\xc1/\
\x97\xcb(\xe4\xf3\xf6\xfcBM\xe3\x9c\x1f\xcc\xab\x857\
\x86\x96CdJ\x83\xbctK\x8a\x97\xa9\xa9m\xdbl\
\x86iUU'\xab\xd5\x8am\x18\x86Z\xa7\xb7Vy\
%\x8e\xd2\xb5\x1b8\x9d\x01\xfc\xc4\xa7\xf5\xe6>1\x0c\
\xf8)\xc9{\xe9f\xda\xb33\x81/\x04\xaa\xe52r\
\xb9\x9c=\xb7\xb0@\xaa\xf8\x0cS\xb1\xf3\xdc\x89\x99\xdd\
\xfd\x88\xfea\xc2\xc2\xa5o`ff\xf7nU\xf0\xdb\
l\xdb>3\xbfPSu]\xb7\xc6\xc6\xaaNU;\
\x9e\xc2\xf8F\x84\x7f\x8aL\xe0\x8bE\x05_\xa4\x82/\
\x86\x03_\xd6-^2e\x05\xdf3\xb4'\xc6\xc6@\
}=7\xef\x80\xaf\x0a\xdc\xe6\x82\xdfs\xcc?\xe2\xd7\
\xee\xedR\xc9\x1eX\xbf\xfe\xaa\xed\xb6\xa2|]Q\xd8\
\xa6r\xa9`i\x9a\xa6\xd6ju\xd6n\x1b\xd2B\xed\
\xee\xb7\x9f\x0c~\xec\xf5\xc0\xe9^V\xc1\xf0\xe0\x0fd\
\xece\x05?\xf6\xc6l\xe0{{.\xd2P\x8f\xac}\
\xd3\xb2\xecz\xbd\xa1q\x9b\x1f\x10\xaax\xed\xf9\x93G\
\x9et\xc1\xcf\xf6\xa2\xc0\xd1\xbew\xd1!\x825\x1b\x9e\
\xbfZ\xe7\xd6\x17 \xd8+\xc8\x1f],\x15m\xcb\xb2\
\xd5F\xa3\x01rL\x10\x0d\xf8_\xbc\xf0\xdc\x01_\xf4\
`\xc8\xc1\xc1\x0f\xd4z\x00\xf0\xe5\x1aD\xb9G\xb3&\
\x9d<4\xceo4\x9aj\x9b\x22\x9e\x84\xf8?\xba\xa2\
\xbd\xe5\xe4\xc9\x83\xa7\x86\x01\x7fT/\xde\xecT`\xdd\
\xd4\xf6\xf7X\xc2\xbeSS\xb5R\xb1\x98\x17\xba\xaes\
\xcb2\x95V\xab\xcdLr\x8b\xca\xbd\xf6\x1c\xa9\x90\x0d\
|\xf4-\xf6\x83y\x97Q\xe7\xa3\x7f\xf0\x1d\xd0\x9d\xb1\
=1R\xa1P\x10\xba\xa6\xc9\xf0\xaef\xb3\xc9,\xcb\
n(\x8c}\xf0\xec\xe9\x99\x8f\xb9\xb7\x0e\x05\xfe(\xdf\
\xbc\xda\x91\xf3d\x1cZ\x10\x1f\x16\x10\xbfN\xd4\x9b\xcf\
\xe5\xa81\x96\x10B\xb1L\x8b\x08\x81\x1a\x02\xdb\x8df\
\xe9D\xd6f\x06\xdfg\xe8\xc6\x82\x9f`\x08w~v\
\xaf\x8b\xe8\xcdI?\xdc_\xfe\x90\x9e8d\xddM0\
\xfb\x00\xdf{\x1d/\x0d\xa3\xa9\xbft]#\xd0\xc9\xc9\
\xc6M\xd3\xd4Zm\xc3\x93\xa2\xff \x14\xdc\xe1\xea\xfb\
\x04\xbd\xda\x7f\x1a\xf1\xabw\x1d\x95@\xdf\xd6]\xbeu\
'\xe7x'\xe7\xfc\x95\x9a\xa6\xeb\xba\xa6\xc9\x06\xaa\xaa\
j\x83\x09J\xf4\x9f\x913\x83\xb6\x0f\x0db\xde\x83\xeb\
c.&J\x94\x91\x8a}\x91\xda\xe5\xbd\xc7\xf8\xdd\x0b\
\x8eFd\x82\xf6DP\x18\x1d\x99\x0c7\xb5-K5\
-\x0b4\xfdN\x13\xb0\x8c)\xdfRT\xe5\x93gN\
<3=*\xae_\xecw/{#\x0bi\x91:\x12\
\x81\xef\x12\x1c\xaf\x16\x82_\xa3\xa84\x95\xa0J\x8a\xa7\
\xc8\x15:\x06\xed\xc4%6\xf8D\xa6\x92R\xb8\xde\x9f\
\xb7WhY\xb0(gsm\xfa\x90D\xb4\xc1m\x1b\
6\xbd\xaa\x95\xe1g*S\xbe\xc9\x15\xdc\xebr|\xa4\
_G\x95\x16\xf3\xe5\xdb\xce\x06\xb9\xbe\x0a\xaf\xbdl\xcb\
V!p\x038\xbbV\x80_\x09\x81u4\xb2\x11\xf4\
\xa2.N\xf93p\xfe\xb2\xe8{\x8c\x00|\xf7m\xa2\
\x9d\x7f\x8c\x16\xdc4\x190\xcb\x18\x9e\x15`\xfb\x14\xe0\
1h\xec'g\x8f\x1f\xf6\x829=\xe0e\xb4#\x16\
!-\xc5\xdb\xd7\x15`\xa7\x02L\x07c\x97\xddt\xd9\
e;\x0b\xaaZ\xcb[\x96\xb1\xdc\xfb:\xa6\xa4\xb9\x1e\
\x1b\xae\xf5\xda\x8b+\x9ah\xc5\xce\x98m\xb7\x0f\x1f>\
\xdcJ\xc8B\x01\xbb\xd9\x16\xf8=\xc7\x09 \x86\x18(\
M\x8b\xc5\xa2\xea_\xc0\xa4\xfa\xb76Z\xca]n\x97\
\x9a\x00\x9e\xabuX\xce4\xb4%\x7f!]H\x17\xd2\
\x85t!]H\x17\xd2\x85t!]H\xe8'\xfd?\
Y}\x02W\x0a\x1d\xc9\x93\x00\x00\x00\x00IEND\
\xaeB`\x82\x89PNG\x0d\x0a\x1a\x0a\x00\x00\x00\x0d\
IHDR\x00\x00\x01\x00\x00\x00\x01\x00\x08\x06\x00\x00\
\x00\x5cr\xa8f\x00\x00^\x9fIDATx\x9c\xed\
\xbd\x09\x9c$Gu&\xfeEdVuU\x9fs\x8f\
4\x9aK3#ift\x01\xba8V\x1e\xb3,\xac\
\xf9\xfb\x5c@\x86\xc5\x1c\xbe\xc06^clc/\x06\
#0\x18\xb0\xf9y\xb1,\x1b\xbc\x1c\x8b1x\xb9\x84\
1\xe0\x05\x0c6\x86\x01#\x84\x84\xb0@ht\xcd\xa1\
94\xd2L\xcf\xd5w\x1d\x99\x19\xff\xdf\x8b\xcc\xac\xca\
#\xf2\xaa\xca\xea\xae\xea\xce'\xd5t\x1e\x11\x91\x91\x91\
\xf1\xbd\xf7\xe2\xc5\x8b\x17@A\x05\x15TPA\x05\x15\
TPA\x05\x15TPA\x05\x15TPA\x05\x15T\
PA\x05\x15TPA\x05\x15TPA\x05\x15TP\
A\x05\x15TPA\x05\x15TPA\x05\x15TPA\
\x05\x15TPA\x05\x154\x10\xc4\x96\xba\x02}BE\
;\xacL\x12X\xe1\xb4\x92:>\x03n\xe1\xfb\xf6\x9d\
\x96\xef\xbc\x7f\xc3\x06\x81;\xee\xa0\x0e`-u\xc5\x0a\
ZR\xe2\xc0-\x0cN\xbf\xc0\xfe\x0d\x02\xb8\xc3Z)\
\xcca93\x00\xbeo\xdf>\xee\x00\xdd\x8cK\xb8k\
\xd7\xae\xa1\xe1\xe1a}~\xbe\xa25G\xea\x5cXV\
\x8av\x99\x000\xd5E\xf5\xba\xcc\xdf\xcd\xa3{\xf1:\
\x03@\x8cqQ*\x0dY3\xc35sl~\xde8\
x\xf0`=>\xc7-\x9ad\x0c\xfb\xf7[\xcbUP\
\xb0e\x09\xfa\xfd\xfb\x8d\xe0\x8d\xad\xbb\xaf\xbbX\xd7J\
;\x98\x89=\x0c\xe2R\xc1p) 6A`\x1cL\
v\xff\x0a\x80\x12\x13\xd0e\x06\x0f\xffW\x8b\x02\x91\xbe\
\x85\x95IE\xe7\x22Ff\x8c\xce\x9d\xae\x5c\x919\x93\
H\x9b8\xb1,\xd1E\x96l\xad\xe6O-\x00!\x0c\
\x805\x01\xd4\x04\xc4\x14\x03\x9b\x16\x02'\x19\xc3\x110\
q\x04\x82?\x08C?|\xec\xd8\xbdO\x84\x0a\xdb\xb7\
O_n\xcc\x80-W\xd0_\xba\xfb\x86\xcbu\xce\x9f\
)\x04\x9e\x05\xe0z!\xc4.\xce\xb5Q\xcey\x1b~\
\x82\xba\x87\xb0\xff8]\xc5>n\xf7\x9c\xae\xc0\x1f\x99\
\x5ctR\x8a'{|\xce\x8e\xee\xa6f\x00\x998E\
\xaa\x1b\xd9\xc0/Rw\xdb\x10\xf8\x9d\xbc\xed\xdc\x0c\x8c\
9g\xf4WP_\xb0 \x84\x98\x05pP\x00\xf7p\
\xb0;\x9bB\xdcy\xf2\xc8\x0f\x1f\xf1\x97\xbeO\x07\x06\
\x9f\x19\xb0\x81\x1f\xbb\xa1\xad\xde\xef\xdc}\xd3u\x9c\xb1\
\x9f\x15\x10\xcf\x17\x02\xd7j\xba^\x92\x02XX\xb0,\
\xf9a\x89,\x17A\xcc\xfe\xfa\xce\x1f\xa7/\x88v\x93\
\xf4\x0a\xfc]\x0d.c\xc0\x9f\x5c\xae\x22E\x9e\x92\xbf\
\xe7\xe0OG\xb1\xfa\x85\xe4\xfb6\xc7\x17\xee_\xf9\xbf\
\xbcK}\x81\xd3?\x8cq0NL\x01\xb0\xccf\x13\
`?\x10\x1c_f\xc0\xe7\x8f\x1d\xba\xff\xdev\x81\xb7\
h\xc0\xe0\xda\x92\x06\x90\x01\xbc\x85\x03\x7f\x0c\xb7\xc1w\
^y\xfd\x16f\xea/\x02\xc3K\x19\xc3\xf5\x9ck\x1e\
\xc0[&}Z\xfa\x9a\x9cs\xfa\x87i\x1a\x07i\x01\
\xed\x9f-\x05\xbcr!\x0f\x05\xbb\xff\xc0\xafH\x95\xb2\
2\xddK\xfe\x0c\x0f\xcb\x1d\xfc\x9e\xab\xde?B\xc0\xa2\
\xcea\x09\xd9W\xe8gZ&LS\x1e\x0b\xfa\x91\xb0\
\xa0\xae\xc1\x18\xd3\x18i\x8e\x8c\xc9t\x0c\xe2{\xc2\xc2\
\xc7Mn}\xe6\xe4\xa1\x07\x8e;\x0f\xb1U\xcb\x01c\
\x04\x83\xc4\x00|\x0d|\xe9\x95\xd7\xdf\xa0\x9b\xda\xaf\x81\
\xb1\x17qM\x9b nnY&} \xc3\x05\xbc\xa6\
iL/\xe9\xd05\x1d\xba\xae\xb5\xc0\xee%\xca'%\
\x81\xa3!\x12D\x0b\xf0;m\xd3n\xa5\x01\x05\xbf\xda\
\x90\xe3\xf6\x01f\xa3\xdb>v\x07\x09\xb2\x1fY0\x0c\
\xc3\xfe\x99\x06\x9a\x86\xd9b\x08\x9cs\x9d3\x97\x19\x98\
d6\xfd\x8c\x10\xda\xfbO\x1c\xb9\xef\x9eAd\x04\x83\
\xc0\x00\x18n\xb9\x85\xbb\x96\xfc+\xaex\xc63-\xcd\
\xfa\x03!\xd8\xcfj\x9a\xe6\x80\xde$IO\x80\xe7\xba\
\xae\xa3\x5c.\xa1T*I\x09\xdfR\xe3$ww\x7f\
6\xc7w\x86\x05R\x0a\x10\xc9ce\x15\x0a\xb5\x7f\xd0\
\xd5~/y\x19\x00\xa7\x9f\xa3\x0dR\x7f\x22\x0d\xd1\xd5\
\x12)\x95\x05\x01\xc3\xb4`4\x9bh4\x9bh6\x0d\
\x98\x86E\x9a\x81\xe0\x9ck4T\x90\x1a\xa7\xc0\xe7-\
n\xbe\xfb\xe4\xa1\x07\xee\xf4\x0c\x0d\xfa~:\xb1\xcf\x19\
\x80lD\x09\xfc]{o\xdc\xcb\xc0o\x05\xf0bj\
tG\xda\x9b$\xedu]gCCe\x94\xcbe\xf9\
\x11\x89Z\x5c\xbcI\x1c\xbc\xe9\x03\xbc\x8f\x84\xc3\xfd\x03\
\x9a\x81/AZR\x0e\xb1\xbb\xf8\xfe]\x19\xfb\xfaO\
\xe5\xcf69\x90\x03\xf8c\x8a\x08\xf5\x03\x87$S\xe0\
\xb0\x99\x81\xae\xa3\xa4\x93\xf6\xa8K\x86@\xe5\x19\xa6\x89\
F\xa3!\x7f\xcd\xa6\xe1j\x05\x9a;\xf4\x84\x10\x9f\x82\
i\xbe\xed\xd8\xb1\x03\x07\x82}\xb8\x1f\x89\xf5\xbb\xd4\xdf\
\xbbw\xef\xa8!\xc6\xde(\x18{-\xe7|\xc44\xa5\
:&\x1b\x9d\xa4|\xa52$\xa5=}8aYh\
\x10\xe0\x9b\xf2\xe3H&\xe1~\xe8\xa0\xea\x9fn\xaa/\
\xfe\xce\x8a6\xf8\xe5\x0d\xfeE\x90\xfciK\x14\x1e\x06\
a3\x04.\x19\x01\x09\x98rI\x07\x0d\x01\xc8~\xd0\
h4Q\xab\xd7\xd1lJ\x01c\xdaf&\x8dY\xc2\
\x9c\x13\x16\xbb\xbd>g\xbesr\xf2\xc0l?k\x03\
\xfd\xc8\x00\xb8;~\xba|\xcfM\xcf\x07c\xff\x8bk\
\xda\x1e\xd30a\x09\xd3\x04\x98F\x1f\xa2Z\xadH\xe0\
\x13\x91\xa4w\xb9\xb2a\xd8\xcc6R\xa0\xa7\xee'\x85\
\xda\x9f\xa6\xed\x96\x1b\xf8UY\xed\xd9b\xfb\xaa;\xc4\
\x1c*\x97\xe51\x11\x0d\x0dj\xb5\x1a\xeau\xf2+\x12\
\xa6\xe4\x02\x9c\x86\xa7\xd6\x01\xcb\xc4\xeb\x1f?z\xff\x97\
\x83}\xbb_\xa8\xaf\x18\xc0\xbe}\xfbt\x9a\xcf\xdf\xbc\
\xf9\xe9\xd5\xca8\xfeT\xe3\xec\xb5\x8e\xdaEs\xfcZ\
\xa9\xa4\xb3j\xa5\x8a\xf2PY\xa6'\xce[\xab\x11\x07\
n\xc0\xb2\x82\x92>N\xffS\x1e\xaa\x13$\x912i\
!\xf9\x97L\xed\xcfVL\xba\x81\x8f\xb7h\x87\x11\x90\
V@\x8c\xa02dk\xa0D\xf5F\x1d\x0b\x0b5\xea\
\x97\x94\xc8\xe4\x9a\xa6K\xfb\x93\x10\xb7\xa3y\xfe\x0d'\
N\x9cXp\xfc\x07B\x8ejX\xe9\x0c\xc0\x05\xff\x15\
W<\xfdj\xa1\x8b\xbf\xe3\x5c\x7f\xaai\x18\xa4\xed\x83\
k\x1a'\x89_\xa9T$\xc0I\xe2SC\x93\xc4\xa7\
\x0f\x12V\xef\x07\x14\xfcy\x8f\xf9\xfb]\xed_\xc41\
\x7f\x1e\xe0\x0f\x92\xdd\xf7 \xb5\x81J\xb5*\x87\x09t\
\x8d\xb4\x81\xf9\x85\x05\x1a\x82Z\xd2\x9f@\xd3\xb8e\x9a\
\xff\x01\xc6^y\xe2\xf0\xfd\xf7\xf7\x13\x13`}R\x07\
R\x8d\xcc\xcbv\xdf\xf4\x12h\xec\x03\x9c\xf11\xd30\
\x0c\x01\xe8\xa4\xee\x0f\x0fW\xa5\xbaE\xcc\x80\x80O\x0d\
\x9c\x19\xf8\x9e\xdb\xbd\x19\xef\xf7\x19\xf83\x19\xfcRd\
Xi\xe0\x17\x19\xf2:}\xb1Z\xa9\xa0Z\xadJ\xed\
\x80\x84\xd4\xdc\xfc<\xea\x8d\x06%14\xae\xe9\x96%\
f \xacW\x9f8\xfa\xc0'I\xa3u\x86\x03b%\
3\x00\xe9\x89G\x0d\xb1k\xefMo\xd6\xb8\xf669\
\xa5Bsu\x8ck\xc3\xc3\xc3\xd2\xc8G\x8dK\xe3\xab\
\xf9\xf9\x059\x8d\xa74\xe8I\x8ah\xcb\x9e\x1b\xfb\x06\
\x19\xfc\xcb\xdb\xda\x9f\xa64\x91\xfc\xa0T\xb5!\xc3\xa0\
\xaei\x18\x19\x1e\xc6\xd0\xd0\x90<_ m`n\x9e\
\x98\x84m\x1b\x90\xfe\x03\xc6\xad'\x1e;\xf0vG\xf0\
\x89N\xdf`\xd0\x19\x80\xfb\xf2\xd8u\xe5\xd3\xdf\xafs\
\xedU\xa6i\x98\x96%89\xf0\x8c\x8e\x8e\xc8\xb1\x15\
I}\x02>I}Ya%\xf8\xbbQ\xf9\x13\xf2\xa7\
HZL\xf5eh\xc9e\x0a\xfe\xa0\x8d`\xa8R\xc1\
HuXj\x03d\xab\x9a\x99\x9b\x85i\x18\xe4\x95j\
q\xaei\x960?x\xe2\xc8\x03\xbf\xe6d\xb3]\x0e\
V\x10\x03\xb0\x9f\xbbo\x9fv\xd9d\xed\xe3\x9a\xa6\xdf\
b\x9aM\xc3\xb2\xa0\x97K%\x8c\x8c\x8e\xc8yXj\
\xb8\xb9\xb9y\xa9Ne\x96\xfa\x81[\x05\xf8\xfbI\xf2\
gC\xed\xa0\x80\xdf%{\xd2\x80\xb4\x01\x1d\xa3#\xb6\
 #\xcduvn\x16\x8dF\x9d\x96%\x1bd \xb4\
\x0c\xf3\x8e\x13\xdb\xd7\xbd\x14\xfb\xf7\xbb~\x02b%0\
\x00[\xf2\x13\xf8O/\xfc\x83\xa6\x97~\xc64\x8c\xa6\
%D\x89\xd4}R\xfb\xc9{\xaf^\xabK\xf0\xab\xc7\
\xfa\xfd\x00\xfe\xc2\xaf\xbf\xd7\xe0\x8f5\xd2\xf61\xf8\xbd\
\x8b\x8e\xa8\xef\x12\x13\xa0\xd9\x02KX\xd2.@\xda,\
c\xac\xc9\xb9^\xb2\x84\xf1\x85\x13G\x1ex!\xd9\xc0\
\x96B\x13p\xfd\x96\x17\x8b\xd8-\xb7\xd0\x0a>@J\
~\x0f\xf8\xc9\xca?22\x22\x1bla~\x01\xb3\xb3\
sv\x86\x02\xfc\xb9\x8c\xf9\xc5\x80I~\xf5S\x06\x07\
\xfc\xde\xbe;3;\x83\xb9\x85\xf9\x163 C\xa1\x10\
\xa2dY\xcd&g\xda\xcfl\xdev\xe5\xc7eB\xb9\
\xbauq\x85\xf2\xe2j\x00v@\x05c\xd7\x9e\x1b?\
\xa8\xeb\xe5_5\x8d\xa6\x03\xfe\xaa\xb4\xf4\x13\xcd\xcd\xcd\
\xc9\xb9\xfdh\xe0\xafd\xc9\xaf4@d\xc85\xc8\xe0\
\xcf\x5cL(\x7f\x84\xed\xb6'\xe0\x0f\xde!m\x80\xa6\
\xb1\x89\x01\x10\xcd/\xccK\xdb\x96\xd4\x044\xadd\x9a\
\xc6\x87\x1e\x7f\xec\xc0\xab\x16{\x8a\x90/\xe6<\xbf\x04\
\xff\xde\x9b\xde\xac\xeb\xa5_5\x8d\x86\xe1J~\x02?\
5\x10I\xfd\x02\xfc\x83\x01\xfeT\xa6\xeb\x02\xfcp\x89\
\x04\x1a\xa9\xfe\xb3\xb3\xb3\xb2\xaf\x0fW\x87\xdb\x9a\x80i\
\x1a\x1a\xd7\x7fu\xf3\xd6\xbdo\xb6\xc1OL`\x191\
\x80[n\xb9E#'\x9f\x9d{n\xf8yM\xd3\xde\
f\x92\x87\x8f\x10\x9a;\xe6'\xa2\xf1>M\xf5\x15\x92\
\x7f\x09\xc0\x1f\x8b\xe6\xf0\xcdlBsP%\xbfHL\
\xd4J\xa1L\x1a\xce+\x99@\x9dl[s\xf2.M\
\x17\x92V \x84\xd0,\xcb4\xb8\xae\xbdm\xd3\x96=\
?o3\x01Z?\xb0,\x86\x002\x80\x87\xb5s\xcf\
\x0dWr\xae\xdd\xc5\x04\x86M\xcbb\xe5r\x89\x8d\x8e\
\x8e\xcaF!\xf0;\x86\x91\x1e\xa9\xfd\x19{\xcfJR\
\xfb\xf3V\xf9\x97\x0d\xf8\xbby\xc5\x04\xc6\xe1\x19\x0e\xd0\
\xf1\xcc,\xcd\x0e4hy1\xad.\x9c7,q\xd3\
\x93\xf6j\xc2\x9e\xaf\x1d\xe8\xb5\x06\xc0\x80\x03l\xdb\xb6\
}\x15\xce\xf8'8\xe3\xa3\xa6e\x0a\x9a\xe7o\x19\xfc\
\x16\x16\xfa\x07\xfc\x11\x9c\xbc\x00\x7f\xca\x96\xf4\xb5_\x01\
\xfe(r\x87\x03\xe4.L\xf1\x08\x88\x11\x10&h\xa5\
+\x18\x1b\xe5\x0c\x9f\xdc\xb6m[e1\x8c\x82\xbde\
\x00\xb4\xa4\x17w\x98\xa5\xe1\x85wk\x9a~\xb5a\x18\
\x06\xa3\xc8\x9c\xce<\xbf\xeb\xdd\xd77\xe0G\x8e\xe0\x97\
Q\x86V\x90\xe4\xf7%\xc8\x01\xfc\xa9\x8c\x0c\x83%\xf9\
\xbdD}~\x9e\xa6\x04\xebu\x89\x05b\x02\x14z\xcc\
\xb6\x07hW7\xad\xe1w\xdbq\x04\x08C\xbd\xa3\x1e\
r\x17;\x10\xc2\xae\xdd7=W\xd3\xb4\xaf\x9a\x96I\
\xd1\x13\xf4\x91\x11\xdb\xf8AN>\xd3\xd33\x09e$\
\x83\xbf7\x96\xfe\x1c\xc0\x9f\xf5qq)RVdY\
\x81?3\xc5\xbc}\xcf-\xfdD\x9d\xeb\x89\xe3\xe3c\
\xd2Y\x88\x84!\xd9\x07\x18c\x06\xc5\xb91M\xe3y\
O\x1c\x7f\xe8_z\x19T\xa4W\xdc\x85\x01{\xc5\xc6\
k\xae\x19a\xc0\xfbd\xd4=!8-\xec\xa1\xb1\x0f\
\xb9\xf7\xbaN>\xd1\x14q\xcf#\x19\x0a\xf0\x07[+\
\x85\xd8,\xc0\x9f\xb5Qz\x0a~\xc2\x02\xcd~\xd1_\
\x9a\x11\xa3\xc8V\x84\x15*\x94q\xf6\xbe\x8d\x1b\xaf\x19\
!,\xf5JX\xf3\xde\xa9\xfe\x7fl\x8d\xd5\xabo\xe2\
\xba\xbe\xcb4MZ\x08\xc1i\xba\xcfV}\x16b\xdc\
{c:q*\xbbPw\x92?>(h?K\xfe\
L\xe3\x83T7\x0b\xc9\x9f\x04\xfe\x8e\xc7)vn\xc7\
SP\xae\x1c\x9c\xb3\x1d\x85hV\x8c\xb0Bq.5\
\xae\xef\xd2\x86\x9ao\x22,\xf5j(\xc0zd\xf5\x17\
;\xf6\xdc\xb4Kc\xf8\x81\x00\x86\x84%\xd8\xc8\xc80\
#\xd5\x9f\xc6\xfd33\xb3+jQO\xbaR\x07\x15\
\xfc\xd9\xdal\xf9\xa8\xfd\x22\xcd\x03\xa2\xcb\x0d\xf4\x17:\
\xa7\xa1\x00\xad\x22t\x86\x02\x82\xb62\x03D\x9d\x99\xb8\
\xe6\xc4\x89\x03\x87z\xe1*\x9c?W\xb9\xe5\x80\x1dc\
S\xe0\x9d\x9c\xebUaY\x82\x22\xf9\xb8\xaa?\xbd\x9c\
\x9a\x96\x12\xfc]\xc9\xfd\x02\xfc)\x9b\xbc\x00\xbfMQ\
C_\xd2\x02Lg(P*\x95\x98\x10\x96\xe0\x5c\xab\
Z\x9ax\x97\xdd|\xb6\x1b}\x9e\x94s\x81\xb6\xb1b\
\xc7U7\x5c\xafY\xdaw\x9d\x17\xe5c\xa3\xa32\x8c\
\x17\xbd M\xfb\xe5\x1b\xc1'!\xff2\x5c\xd4\x93\xda\
\xd8\xd7'\x92?\xf6)+\x5c\xf2{Iz\x08\x0eW\
\xe5\x9a\x18WS&\x89/\x87\x09&\xbb\xe9\xc9\xe3?\
\xfa\x9e\x13H\xc4\xecO\x0d\xe0-\xd2X\x01f\xb2\xb7\
P|T\xdaL\x81\xac\x9b\xa5rY\x86\xe7V\xbb\xf9\
\xaeT\xf0+db\x01\xfe4\x8d\x1e\xd5z\x03\x0d~\
\x22\xdb/F\xc6\x14\xb4#\x10\x97K\xb4g\x85\xdc\xd9\
J\xe3\xe6\xad\x0e\xc8\xba\xabD\xef4\x00[\xfa_\xb6\
\xf7\x86\xa7@h\xf7:J5\x1f\x1f\x1b\x93/B\xdc\
,\xec\xea\xbb\x92\xc1\x8f\xbe\x91\xfc\xd9p\xb3\xf4\x92_\
\x995\x9b\xc5\xb2\xef\xc0\xef\xf7\x12\x1c\xc2\xd8\xd8\x98\x8c\
yiO\x95\xcb-\xca`\x09v\xdd\xc9\xa3\x07\xee\xcb\
S\x0b\xc8O\x03\xb8\xc5\xfec\x09\xf6\xdb\x14\xc4\x93\xa2\
yRp\x8fRI\x97\x1c\x8d^&?\xf0g\xb4\xbe\
\xae$\xf0\xc76M\xf8f\x01\xfe@\xcbt\xaeZt\
\x0d~\x22;\xfc\x1d\xedk\xd1D\xa9T\x96\xf8!,\
1\xa6q&\xc4k}`\xeb#\x0d@\xfa,\xef\xde\
}\xf3\xc5\x06\x1a\x8f\x80\xb3\x11\xda\xa4c|l\x8c\xd1\
\xd8\x7fvfVz<\x15!\xbb\x17\x01\xfc\x19nf\
\x13\x9a\xcbW\xf2\x8b\xd8\xa4bQ\x80\xaf\xd6\x02F\xa5\
\xd6<==#\xe4\xe6\xa4\x965\xa7\x01\x97\x1f;\xf6\
\xd0\x13y\xad\x13\xc8E\x03\xd8\xb7o\x9f,\xc7@\xfd\
\xc5\x9a\xae\x8f\x0a\xd34\xc9\xf2_*\x97\xecM;\x9a\
Mw\xef\xed\x1c$\x7fJ\x8a\xf8\x98\x1d\x7f\xce\xc2\xb5\
\xb7\xc3f\x17\x1d)m+\x15\xfcD\x04\x15{\x93\x1b\
C\xda\x02\xe4\x8c\x80\xf4\xa5\xd1GM\x81\x17\xcbD\xb0\
1\xd7-\xe5R\xc8~;\xa6\x19MZ\xbe\xc2\xd9`\
Sz\xfd\x11\xe8\xe9Eh\xfa/\x91\x12\xfb\xc9\x12\x83\
?\xeb\xe3\x92R\xac$\xc9\xdfy\xc3\xaf8\xf0\xbbD\
\x98\xa1\xa1\x00a\x88\xb0\x04\x01Z*H\x22\xff\x156\
n[q\x04\x97\x9c\x01H\xb7\xc5]{\x9eq-\xe7\
\xfcZ\xcb^\xed'\x19\x00\x85\xf8\xb6\xc7\xfeH%\xf9\
{c\xec\xeb3\xf0\xa7\x94\x84+\x1b\xfc\xedFR\x0e\
\xc7\x975\xf8\x85\xfc\xd7\x15\x9e\xb4su\xb9T\xb67\
\x17\x91~\x01\xfc\xdaM\xdb\xf6^\xe3$\xec\x1a\xbf<\
/\xf5\x1f\xc2|\x01m\x92J\x9b$\xd2\x0e)\xb4\xc2\
\xa9\xd1\xa0=\xd6c\x18\x95\xe8=\xf8\x07\xdb\xb5w\xa5\
\x82?\x22{\xaa\xf2\x06\x1f\xfc.\xb9{^j\xba\xe6\
\x1a\x03M\xc68\x17\x96xA^\xc3\x00\x9e\x93\xfa\xcf\
\xc0\xd8\xf3\x9d\xad\x92\xe4\xd8\x9f\xa8\xd9\x94\x9b%\xaa3\
\xa6\xb2\x0bu\x0f~\x0c,\xf8\xb3\x15\x9ft\xb3\x00\x7f\
\xa0\x1d:S-\x16\x0d\xfcnu\xea\x8d\xa6<u\x86\
\xd4\x8c\xfa4cx\xbem\xc0\xef~\x18\xc0sQ\xff\
\xaf\xbcn\x87\x10\xb8\x9a\xb6\xe3&-\xc0\xe6V\xa6\xdc\
\xa2{\xe9\xb6\xe5\xee\x0d\xf8\xc5\xb2\x06\x7fz\x10\x88e\
%\xf9E\x9a\x07,.\xf8\xe9\x0fc\xee\xd6\xe3r\xb9\
0-\x12\xa2\xd95@\x5c\xb3e\xcb\x95;\xf2\x18\x06\
\xf0<\xd4\x7ff\xe87\xeb\xba^\x16\x96eRd\x13\
\xce5\xa9\xfa\x9b\xa6\xb5D\xe0\xef\x82\x8aE=\xd9\x9b\
\xdc{\xb5\x00\x7f\x06R\xb0QO3\x92\xe8\xa4\x0dE\
h(@;\x0c\xe9\x9aF\xeb\x03h6\xa0l\xc2\xb8\
9\x8fa@.\xb3\x00\x82\xe3YN\xa5E\xa9\xa4I\
\xa3\x1fq\xae8I\xb8\xfc\xc0\x1f\xfd1\xd3\xe5Zj\
\xc9\x9f\x8e\xd4O\xe9\x1e\xfcb\xc5I~\x11y)x\
\x87\xb0\xc49\x83\xae\x97\xa8\x8b\xba\xb7%\xe6\xba%=\
\x8f\xe9?\x08\xdc@\xbb\x9e0F;y\xdb\xc1L\x89\
s\xf5\x06\xfcL\xfeg\x1f\xb6\x8e\x9c\xdc\x22\xbbg\x13\
q+w\x8e?\x22\xb3\xcb\x8d\xe3Id\xce\xe4O\x92\
\xc2\xe0\x17Y\x9e?\xaf\x0b&\x9e\xaa\xbcXy.\xc9\
\xf5\xe0\x88}\xb6\xa7<\x1b\x18i\xbee\x0c\xeb+\xc0\
\xdf\x22\xd2\xa6\xa9Iu)\x5ci\x8d\xb0E\xcds}\
\x1e\xd3\x81\xdd0\x00\xe9\x89\xb4m\xef\x0d\x1b\x85%v\
B\x8e\xff\x19s\xb7\xf1\xf6\xed\xe2\xdb\x15\xf8\xc9\xbeh\
\x83\x9e^\x9cl\x0b\x86I\xe3\x22C\x9e\xdb,Q6\
\xc8\x92\x18\xfb\xa8V\x993\xc5\x8fx3\x94\xd7\x81\xd4\
\xf7%r\x0e\x82\x1e\xda1\x8c0\xf4\xde\xf2\x0fk\x7f\
'\xa6\x813\x1d\x9c\x97\xe4\xb1\x9b\x88\xa6\x84\xf3\x03\x7f\
F+\xcc\x80J~\x22jS\xc2\x12\xf5{]\xd7$\
\xc6\xc8\x0e\xc0\x80]\xdb\xb6\xed\xddp\xf4\xe8\x81'\xbb\
\xf1\x0a\xec\x82\x01\xd0\xda\xe4;\xa0\x81\xef\xe2\x1c\xa3\xb4\
\xf2O\xd3tZ\x04(\xc7,-\xe7\x9fD\xf0\xab\xaf\
2F\xefD[)7\xd10\x16 ,\x13\x1a\x1fB\
eh\x15V\x8fm\xc0H\x95~\xeb0T\x9e\x80\xae\
Wd\xa7\x0b\x1a\x1c\xa5P\x97\x02\xde\xed\xd5~\xd81\
\xdf\xc7\xf4\xdc'\x85\xc09\xf5\xe6\x0cIBWkp\
\xd2E\xbd\x8e\xad\x99\x10d\xfc\xd2\xd2_\xafv\xe9\xed\
\xba)\x9a\xcaQX<\xa5\x85[\xd2S\x9c}\xe8\xea\
F\xde\x8a\x06k\xd6*X\xf9\xcd\xbc\x0a\x83\xf7\xc9\x04\
l\xd3j\xa2i\xd0b\xafsX\xa8\x9f\xc1|\xed\x14\
j\xf5\xb3h4\xa7\xe4;jZ\x19\x1a\xaf\xc8oj\
3\x02kq\xc0\xdf\xb9j\xd1\x17\xe0w\xc9\x15\xa8$\
\x5c9\xe7\xcc0\x0c\xf2\x07\x18m\x08c'\x80'\xbb\
q\xe9\xef\x98\x01\xec\xdbw\x9a\xed\xdf\x0f0\xcb\xda\xcd\
u\xb9\xfb\xa9\xa9i\x5cw9\x96\x9c\x12LTp\x83\
W\x198\xe3\xb0\x84\x89FsV\xfe\x1d\xadn\xc0\x96\
\x8bn\xc2\xa6u\xd7a\xe3\xda\xab\xb1j|;\x86\x87\
\xd6\xa0$\xb9\xa1\x0d\xf0\xc4\x98\xc2*&\x14l\xf8 \
6\x14\x00T\x95\xa5,_\xf5Q\xc3\xd8\xcb\xf4\xbc<\
\xcb\x0a\x95\x1d\xe0\x81i\xea!\x82\xed\xe0\xfcc\x98u\
4\x8ci\xcc/<\x89\x0b\xd3\x8fb\xf2\xfc}\x98<\
\xff\x1f\x98\x9e=\x0c\xc3\x5c\x80\xaeU\xa0i\x15\x9b\x89\
\x04\xb5\x82>\x06\xbf\xc8\xdb\xd2\xef\xb9\x94T\xb2d\xb2\
\xa6)g\x02\x9c]\xb3\xc9\x1f@\x87\x10{\x00|\x1b\
\xd8GS\x82\x1d\xd5\xaa\xeb-\x88\x18\xc7\xa5\xee1Y\
\xff\xa9\x13I\xeb\xbfG\x95L\x03~\xce4\x98\x96\x81\
\x85\xc64\xca\xa5Ql\xdft3.\xdb\xfa|l\xbd\
\xe8\xe9\x18\x1f\xd9\x002-\x90RA?*\xbei\xc8\
\xe9\x90\xd8\xc6k\x7f3\x1b\xaa\xb6\x94\xf3HR_\xc2\
\x80\x05\xc1\x07*\xe7\xbeT\x0bR\x94\x1f|C9L\
\xf17\x88\xbf\xde\xee\xb89\xc00=\xe5\xc71\xae`\
;\xa8\x01\xec\x7f\x1b\x22\xe6\xd4\xc3\xd5;\xbc\xe7nM\
\xa4y\xc4\xbd\x1f\xcb\x94\x9c\x5c\x8c\xa1\xa4\x8fa\xf5\xf8\
j\xac\x9d\xb8\x06;\xb6\xbe\x10\x8d\xc6\x14\xceM?\x88\
\x13O~\x0d'N\xfd\x1b\xa6g\x8f\x80s\x1d\xbaN\
\xfb\xe4\x09\xd8S[+\x08\xfc\x22{\x8d\xec!5\xa0\
im\xcb\x0e\xb3\xda\xd8\xeb\x94:f\x00\xfb\xf7op\
\xfb\xd5\xa5\xce\x8b0\xb2T\xca\xce\xed\x99\xfeK\x02\xbf\
\xad\x16\x0a,\xd4/\xa0ZY\x83\xa7\xec\xf8\x05\x5c\xb5\
\xebE\xd8\xb8v7\xe8]\x9b\x06\xfd\x04\x1a\x06\x8d{\
\xec\x0e\xc6ZC\x84\x14\xd2\xdf9\xf2\xc1\xcb\xc1\xa9\x17\
n\xbesg\x08\xe0\xbb\xef\x0c'\xbceG\xe6\x0f\xaa\
\xcc\xcco\x9c\x0c\xa7My\xdf\xc3\xb8Z\x00u\xfe\xf5\
\x9e\x87\xcb\xf2\x83\xdf[\x96\xdd\x1c\xfe\xaf\x14lS\xf7\
\xbe\xcc\x12|\x80\xbca\x0f\x1dZ\xda\x81e\xc0\x10M\
\x08\xcc\xdb\xf9\x99\x86\x8d\xab\xaf\xc7Ek\x9f\x8e+w\
\xbe\x1a'N}\x0d\x8f\x1e\xfb4\xce\x5c\xb8\x0f\x1a+\
C\xd3h\x8f<\x9b\xa1\xabi\xa5\x82_\xf8\x86\x01T\
\x15\xd2\x90[\xb6o.\x1c\x06\xb0\xbf\xe3Jv\xa1\x01\
\xdc\xe1>t\x13\xd5\x8cT\x7f\x1a\xffS\x9d)\xaeY\
t\x8d\x84O\xea\xd7\x9b\xb3\xd2`t\xcd\xe5/\xc6u\
{~\x09\xebWo\x03M 4\x9b\x02\x0d\xd0\xcc\x02\
\xbd0\xbdq\xb6\xad\xd2\xfc\xd29|\xe8M\x18\xafN\
\xdb\xe0\x0f\xbdAJ\xe9\x1c\xd4Q\xc2e\xf9\x1f\x18.\
\xcb_h\xb0\xaeA=%\x5cV\xbb|u=\xdb'\
\xc1\xe6\xb1\xeb\x9a\xc0\xc2\x9d\x17\x0a\xb1\x90V/\xb5u\
\x8a\x86A\xdb\xbd\x0b\xe8\xfa0vm{\x09\xb6m\xfa\
)\x1c{\xe2+8p\xe8\x838?\xfd\x10\xca\xa5q\
\x8f\x8d@\xf9\xa4HZ\xee\xe0'\xb2,\xfb\x9cK\x0d\
\x80\xd9u\x13\xd8\xd4\xedKv3\x04p,9l\xdc\
y>\xb1\x00Y\xb1\xe8\x86\xb3\xaf\xbb\x1fz\xa1~\x1e\
\x97l\xb8\x017?\xf5w\xb1\xf5\xa2\xa7\x82\xb4\xfa\x85\
\xbaiO\xf4\x11\xf03\x82\xbe\xf5\x94@\x8fP\x03C\
\x81F\xe4\x08~\xd5Y\xa7\xe0W\x95\xa6`.\xa9\xc0\
\x1f\xbc\xefO\x16S\xd7\xe8n\x16\xcd@\x9d\xa7H\xed\
\xc9Y2\x22L\xd4\x1b\x17\xe4\xb7\xdd\xb1\xf9\x85\xb8d\
\xe3\xb3\xf1\xe0\xe1\xbf\xc5\xc3G>\x02\xc3\x98\x97\xc3\x02\
J\xa3\xaeu\xcc\xb3CI\xbb\x03\xaf\xe8#\xf0\xb75\
\x00AjvK)\xa3@\xc2\xee\xed\xc5v\x04\x92\xcc\
}\xef\xde\xbde0L\xd0\x8a%\x02-\x0d\x01,Z\
\xb2\xa8l<\x87\x831M\x1a\x8a\xc8r\xfc\xcck_\
\x87\x9f\x7f\xeeG\xb0e\xe3S\xb1\xd0 \x8f'!\xef\
\xbb\x9d\xa5\x13\x0au>\xff\xc5X\xc9\xe5\xafv\x84\x95\
=-\xf8\x15\x9aE\xa8\xb4X\xf0G&M\xa5Y\xa8\
\x9f\x19UVN\x0c4\x15#q\xb59\x81F\xf3\xbc\
\xd4\xfe\x9er\xc5\xef\xe1?\xdf\xf8\x11\xac\x1e\xdf\x83F\
\xe3|\xea\xef\xbfR\xc0O\xe4\x0aV[\xfe\xdb\xd6\x18\
\x066!1h\x13[tO@]\xd7KL\xa0\xd2\
\xbe\xd2\xae\x83*\xfc\x17M\xd5\xd5\x9b3\x18\xae\xac\xc5\
\xcf\xfd\xf8\xdf\xe0\xe6\xa7\xfd:,\xc1QoZ\x0e\xf0\
\xbb\x0bP\xd4\xee\xa8\xd9\xc1\x1f\x05\x96p\xd9\xf6A&\
\xc0\xaa$p\xcc\xf3\x12\xa5sBYv]\x83\xac0\
B:G\x96\xd5A\x1b\x06j\x91\xa8E0M\x1a\x00\
k\x8dsX\xbb\xea\x1a<\xfb\xa6\x8fb\xe7\xd6\x17\xa3\
\xd1\xbc\xe0&\x88)=x\x10ya\x91\xa7\xf9D\xee\
\xe0\xf7\xfb\xd3\x90v\xdczR\xe5\xecY\xdd^y\xd7\
!u\xc5\x00\xe6\xe7+\x9a\x00Jn\xbd\xdc\xa9d\x7f\
#\xb6\xc1_k\x5c\xc0\x865W\xe1\xe7\x9f\xfbQ\xec\
\xb8\xe4\xe9\x98_p\x17\x12v\xef\x91\x1c\xd9Q\x83\xe7\
\xa9\x00\x1b\xee\xbc\xd9\xca\x8a\x97\xceJ\xd5>-\xf8\x03\
/\xaa\xd6R\xd4\xe0\x0f\xbe\x81\x12\xa0\xe8\x9c\x81\xfa\xf2\
\xc72To\x0b\xd0\xd4\xaf\x8e\x86A\xb6 \x0d7]\
\xf3.<\xe5\x8a\xff\x09\xc3$\x03\xa2c\xf8\x8d.&\
\xea\xce\xc0\xcc\xf1\xb7)>\x95\xab\x01\xd8\xcc\x80\xd9v\
Y\x86Rsl\xbe\xb3q\xb2C]!\xafQ]\xd0\
\xc8\xaec\xb7\x9b\xdf.\xed\xe5\x866\xf8\xcfc\xcb\xc6\
g\xe0E\xcf\xf9 &F7I\x95_N\x1b\xe6E\
i\xa4\xb3\xd3\xa3\xb3\x82\xdf\x0fP\xd1=\xf8#5\x8b\
\xa8\x82\xbde\x05`*\xd2\x83?\xc8\x5c\xc2\x0f\xc8\x09\
\xfc\x09\x9a\x85\xaa^4S@\xce^4ex\xe5\xae\
\xdf\xc0\x8dW\xbfC:\x81Yrx\xcbV4\xf8\xa1\
T,$C\xd0G\x1b\x8d\xa5c\x00\xd1\xd4\xae\xad+\
\xf9\xb7l|\x16~\xee\xd9\x7f\x8driLN\xe9\x91\
\xca\x9f\xdb\xd3T\xbdB\xf9\x01\xba\xb7\xf8GW\xa2C\
\xf0\xabj\x17\xc1\x5c\x12\xc1\xaf\xd2\x0c:\xd0,\x94Z\
E\x16\xf0'h\x16\x91\xefH\xc48j\x8d\xb3\xd8\xb9\
\xe5\xc5\xb8\x81\x98\x80\xd9pY\xc4\xca\x05\x7f\xec\xa5\x09\
\xf4\x19\x03\x08N\xf3Mc\xe3\xdak\xf0\xd3\xfbn\x83\
\xaeUa\x98\x04\xfe\xfc\x1e\x9b4f\xf5&\x8c\xec\xd8\
9L\xf7\xa1S\xf0w\xa8Y(\xc1/\xba\x07\x7f\xb0\
\xfc\x5c\xc0\x1f\xd2R\x02\x15p2\xba\x97\x19\x09\x8d\xfa\
Y\x5cz\xc9\x8b\xf0\xd4\xbdoB\x93\xa6\x10=\x03_\
eEW$\xf8\xbb\xa7\x9c\x19@\xbbz4\xae7\xcc\
\x1aF\xab\x1b\xf1S7\xff\x05*\xe5Q4M{^\
?\xff\xa7\xa9\xc1\x1f\xec\xbc\xbe\xbc\x81\x9e\xacd\x0ei\
\xc0\xaf\xca\xaf\xea\xa4i\xc0\xaf\xca\x9e\xa0Y\xc4\xd7+\
\x0e\xb0\xe1\xb2Z\xe9\xd3\xf4\xb2\xcce%\xac]\x08\x10\
1\x81z\xe3\x1c.\xdf\xf6J\xec\xd9\xf1j4h\xea\
0\xa45v\x0e\x87\xf8\xe9\xea~\x07\xbf\x92\x13.5\
\x03\x08vR{\xde\xf2y\xcf\xf8S\xac\x1e\xbf\x18\x8d\
\xa6\x99\xaf\xe4\xf7\xff\x93\x08\xfeh\x80\x86\xbfZ&\xf0\
'N\xab\xf95\x8b\xee\xca\x8a\x9a=P\xf7\x16_\x87\
\xc9a\xba/\x1a\xb0\xddkO\xde\xecnY$,h\
F\xe0\xaa\xcb^\x87M\x1b\x9e\x83Fs\xdaa\x02\xfd\
\x19\xbe\xabW\xe0\xf7\xbfm\xbe:@\x97\x88\x9cPV\
J\xaa\xfe\x8d)\xdcx\xd5k\xb0s\xf3\x0d\xa8\xd5\xf3\
5\xf8)\xc1\x1f\xbc\x1f\x03\xfe8P%I\xa9D\xe9\
\x1c\x95_q1\xddt_\xf4\xa7\xb7\x9b@q_\xc1\
\xe0r\x03\x7f\xe8\x11\xdd;KE3g\xe6\x08\x12\x13\
\xd7\xed\xbd\x15#\xd5\x8baZu\xe5\xcc@?\xcc\xf1\
\x8bTy\xb3K\xfe\x947\x97\x82\x01L\x85*E\x1c\
\x9aV\xf2\x91\x87\xdf\x8dW\xfd\x0aj\xd2\xda\xdf\x0b\xc9\
\xef9\xf7\x1c\xe42\xdd\xd7\xca+\xb2\x81\xbfO-\xfe\
}1\xdd\xa7l\xc3d\xa3,uQ\xd3\x5c\xc0Hu\
\x0b\xae\xbe\xfc\xf7`\x995i(\x5c.\x0e>\xe9$\
\x7fw\x1a\xcf\xe2\x1a\x01)2\x10\xd7q\xf3S\xdf@\
1\xcc\x9c\x15t9\xeeA\xda\x85dI\x02\x7fPr\
-\x95\xc5?\x15\xf8U\x9aA\x84f\xa1\xaa\x7f\xa4f\
\x90\x05\xfc)4\x8b\xc8\xaad0\xcaJ{@s\x0a\
[/\xfe)\x5c\xb2\xf1y2\xce@\xd8\x1e\xb0\xfc\xc0\
\xbf\x18\x94+\x03 \xd5\xbf\xd6\x9c\xc6\xde\x1d\xff\x0d[\
/\xbaJz\xf8\xe5j\xf4\x8b\xe9\x5c\xc1\x84\xdd\x82\x7f\
E-\xf0\x11\x1d\x82?\xa3f\xe1\xadD4\xe3\x08\x96\
\xe5\xb9f\x99\xd8\xbb\xf35r\xb9\xb1\x10\x06V\x06\xf8\
\x05\x06\x86\x01X\xc2@uh5\xae\xdb\xfd+0\xcc\
\x0e\xe2\xf3\xc5P\xb1\xc0'\x06\xfcn\x1b-\xf2\x02\x9f\
\xb8\xb2\xd4\x8cK\xfd\xbc4\x0c\x94\x16\x9a\x91w\xe0\xea\
\x89\xab\xb0m\xd3\xcf\xc8\x08Di\xb4\x80\x02\xfc\x8b\xc4\
\x00\xdc\xb1\xff\x8eM\xff\x15kWm\xb2\x19@N\xd2\
?I\xb2\xc4I\xaeb\x81O\xb0\x1d\xd2\xb5\xa1\xf7F\
\xbe\xd3}\xf1S\xa6\xf1C'\x8a6U\xc3\x8e-/\
A\xb9\xb4*Q\x0b\xe8G\xbf\xfe~\x91\xfc\xb93\x00\
\xb2\xd4\x96\xf4Q\x5c\xb6\xf9ga\x9a\xd1\x11v3\x97\
\xeb\xff'\x13\xf8\x95'\x91R\xaaX\xe0\xd3\xfd\x02\x9f\
\xee\xdd\xb0c\xb5\x06\xc6dX\xb1U\xa3W\xe0\xe2\xf5\
\xcf\x96\x0eBQZ@_\xcf\xf1\xf7\x09\xf8sc\x00\
$\xe9\x9b\xc6<6\xaey*\xd6N\x5c\xea\xa8\xff\xfd\
\xb6\xc0'b\x0e=uY\x81O\xa4\x92\x5c\x11uO\
\xa7\x9a\x07\xf5\x9c`Y\x8a\xfb\x0a\x06\xd7\xb7\x16\xff\x8c\
F\xd9pY-. \xc1M\x06A\xceh!\x9c\x18\
,\xf0\x8b8\xf0+n\xf6\x98\xbaG\xa9\x13:\x8bB\
so\xbf\xf892Pgn/\x91\xa3d)\x16\xf8\
t\x09~\x15cJ\xad=ew\xc3\x0eT\xb0u\x89\
\x04K\xd3\x5c\xc0\xda\x89\xa7a|\xec2\xa9\x11x\xbb\
q\xdf\x83?@\xd1l\x7f\x804\x00\x0a\xee1<\xb4\
\x1e\x17\xaf\xb9\x11\xb4\x19p.\xcb{{$YZ\xf9\
\xd5b4\x94\xb0X\xe0\x93N\xb3\x88\xfc>\x89\x16\xff\
ln\xd8RF\x0a\x03\xa5\xd2\x046\xae\xf9O\xb0\xc8\
1\x88V\xc7\x0e\xbckoF\xcaIY\xe8\x1a\xa9\xd2\
:k\xd4\xb0a\xf5U\x18\x1bYc\x8f\xff\xbb4\x00\
\xf4\xcbt\x1f\xd2\xa8\xfdi\xd4V%0\xfc]\x7f\xe0\
\xa6\xfb\x82u\x8d\xf8>I\x97\x92\xcaR\xf3i\x02\xbc\
\x81\xf5kn\x02\xe7C\x8a8\x82YI\x84O\xfb\x1d\
\xfc\xad\x03r\xc6[R\x0d\x806\xef0p\xc9\x86\xeb\
d\xe8n\xb9[O\x17\xa4T;c\xd4Vu\xde\xec\
\x92%1\x7f\xa7\xe0G\xa7\xab\xfb\xa2;a:\xf0\x07\
\xd2/\xd1\x02\x9f\x8e\xda0Xz\xa0,r\x05\xa6\x85\
f\x13\xa3\x97\xa1R\xde\xe0,\x19\xeeT\xe8\x08\xe5i\
:\x01+\x96\x10\xfc\xfd\xb2\x16@Xrg\x1e\xda\xb4\
\x83\xc2\xbbw\xe5\xa7\xed\xff'\x11\xfc\xd1\x9dK$H\
\x96\xee\x17\xf8`\xc9\x17\xf8$\x95\x95\xb1\x0d\xc5\xe2Z\
\xfc\xbb\xd2\x9e\x1c\xa13T^\x87\xf1\xd1\x9d0E\xa3\
\xc3prBy\x9a\x8b\xd4\xef\xb9\xe4\x17K\xcf\x00h\
)\x10}\x88Jy\x15V\x8do\x93\x0c\xc0\x17<\xbf\
[\xf0\x07\xef\xc7\x80_\xd1\x7fU\x87\x81\xb2\xfa`\x81\
\x8f\x12d\x8an\xa2\xe0v\xb9\x81\x7f\x11\x16\xf8dc\
\xa01\xed\xdf\xfa>\x168/c|\xf42\xb9\x0fA\
v\x0d`q\xc1/r\x05\x7f\x1fi\x00d\x00\x1c\x1d\
\xde \xb7\xeb\xeaT\x03\x88\xee\xa8\x09\xe7\xceI\xa8\xf3\
)%j\xebnBY\x81\xd2z\xbd\xc0\x07+o\x81\
OZ\x8b\x7f(o\xe8\xfb\x08\x8c\x0eo\xef`q\xd0\
\xe2\x83\x1f}\x08\xfe\xee\x19\xc0\xc4\x04L\xd1\xc4pu\
\xbd\xdc\xab\x8f\xb6\x08\xef\x88V\x80\xc5\x7f\xd1\x17\xf8t\
\x0a~\xd5{E\x803\x5cV\xbeQ\x97\x22\xdb\xb75\
\x0c0Q\x1d\xbaXn3\x16\xeb\xe4\xb1\x0c\xc1/r\
b\x07\xdd\x0f\x01\x84\x85\x91\xca\xba\x8e\xe7\xff\xfb\xc5\xe2\
\xbf\xec\x16\xf8t\x0a\xfe\xc8\x0e\x1cf.\x89\xe0\x8f\x05\
C\xf2\xf7I*\x8b\xbcO\xcb\xe5Ur\xe7\xe1d\xe3\
\xb3XV\xe0'b\xfd0\x04\xa0)\x18\xda\xb2\xdb\x0d\
\xd9\x96\x85\xb2\x8cY\xf3\x94,\xaa\xfc\xeaze\x04?\
r\x8c\xe7\x17\xbc\xefO\x16SW\x15\x83\xeb\x02\xfc\xc1\
\xba\x06\xd2\xd0w\xa7-!)\xde\x8b\xfc9;6g\
\x1d:\xc5~\x1f%\x83\xa3 \xa1\x16J\xda\x88\xdc6\
\xde\x9e\x0a\x8c\x82\x84\x8a\xa3D\xdeI\x97\x7f\x89\xc1\x9f\
\x17\xe9\xb9\x14\xa2y\xf6\x06IIq\x92eQ\xe3\xf9\
\xf5\xd1\x0e>\xc9eec\xa0\xbd\x9e\xee#\xb07\x1b\
\x02\x8d\x86\x90;6\xc3\xb9V.1\xd0v\x15\xee\xa6\
\xbf\xddFCV\xb5\xa1\xbd\xc1)m\x955$\xe3\x05\
D\xbfx\x8f\xc1/\xe2.u\x08\xd7E\x02\x7fN\x0c\
@\xc81X\x16u\xa4\xdd\xb9\xd2\x81?\x1a\xa0\xe1/\
\x99\x0d\xfcQ\x12\xd7s\x9e\x08~\xd1QY\xed\xba\xaa\
{\x90\x92A*\xcb\xca\xd8\x86\x0a\x06\x97U{r\xf7\
\x09\x9f\x9b\x11X\xb7\x81a\xd7\x15%l\xb8\xc8V&\
O?a\xe1\xd1\x87\x0dL\x9e\xb6P\x1d\xa6M_h\
\xfboU\xbd:\x07\xbfK\xb4\x05\xad\xbby\xec\xb2\x00\
\xbf\x88.\xbc\x17\xe0\xcfM\x03\xc8B\x91\x1d5\x87x\
~\xcagy\x0e\xb2J\xe7\xb0\xdc\xcb\x00\xfe\xc0\x8b\xaa\
\xb5\x14\xc5}E'\xc8\xd5\xe2\x1f\xcc\x1f\xa3\x91D\x81\
\xdf4l5\xff\x05/\xa9\xe0\xe6g\x971:\xe6\x07\
\xe0\xec\x8c\xc07\xff\xad\x8e\xff\xf7\xf9\x1ah\x86\xae\xe4\
h\x03\x91\xe0\xef0\x1a\xb2\xbdC\xa6S\xa9\xe8\x97X\
\x16\xe0gX&\x0c \x95tN%\xad\x8b\x05>\x9d\
hOA\xf0\xc7i\x16*\xa6D@&\x8f\xcf_\xff\
\xeda\xec\xb9\xca\xee>R\xd5\xf70\x08b\x08\xff\xdf\
\xcfV\xb0}\xa7\x86\xbf\xb9m\x0e\xcd&\xe4\x90@j\
\x02\xaaB;\x1a:E0\xaf\xf0[\xc7\x0a\x9cA\x00\
\x7f/\xa9G;\x03\xa9\xa9X\xe0\x13V\xe8E\x17\x9a\
E\xe7\xdaS\x0a\xcd@Q/\x9an\xaf\xd7\x04~\xfe\
e\x15\x09~\xd2\x04\xe8Q4\xee\xf7\x1a\x01\xe9\x9ai\
\x02{\xaf*\xe1\xb7~o\x14\xba\x0e\xc9\x04\xc8X\xe8\
\x96\xa6\xd6x\xd4\x97\x92\x0c\x8a\xb1\xb9=\xf5O\x06\x93\
XQ\xe0_T\x06\xd0/\xd3}\xa1\xd2\x12:W\xa4\
\xda\x1a\xa9\xa5\x04\xba\xc3\xc0-\xf0\xf1\xe4\xf7\xa4!\x95\
\xbfV\x03v\xee\xd2\xf0\xcc\x1f+\xdb\x9a\x80\xaev\xfc\
\xa4k\xa4%\x10\x13\xb8|\x8f\x8e\xdfz\xbd\x87\x09\x10\
\x83\x88\xaa\xbb\xe2\x1d\x95LJ\xd9\x85\x14\xe0U}\xa3\
H\x12\x1d%\x19d\xf0/\x1a\x03PJ\x1e%\xc8\xc2\
\xaf\x9d\x1b\xf8\x83\xf7\xbb\x01\xff\xb2^\xe0\xa3\xae\x1b\x81\
\xdahXx\xca\x0d%\x1b\xf4)\x9eML\x80\x18\xc5\
\x15{t\xbc\xd6a\x02\x0d\xda\x0a\x9eG3\xd0(\x10\
\xb7o\xab \x17\x8d\xcc^\x81_\xe4\x06\xfe0\xe3J\
_\x9a\xe8\x7f\x06\x90$Y\xe2$\xd7`M\xf7\x05J\
\xeb\x93\x05>\xb91PR\xf55\xe0\x92\xcdN\x08\xae\
\x94V)\x02{\x8b\x09\xfc\xfe\x08t\x9d\xa1\xd9\x08h\
\x02\xad\xba\x06j\xab\xfaF\xa1w\xc6\x92\x80\x1f\xb9\x81\
\xdf\x7fy\xb1$\xff\xa20\x00%\xf8\x83\xf7\xe5\x81\xe2\
~\xcc\x87\x0d\xdf\xee\x87x~\x9e\xce\xa9\x04\x99\xba\xf3\
\x06\xaf\xe6\x06~\xc5\xcbt\xa3=\xc9`\x1b\x0c(\x95\
\x91\x99\xdaL\xa0\x84\xdf\xfe}W\x13\xb0\xafw\xea\x89\
\x19I\x03\x0c\xfe\xf4\x94\x1f\xab\xe8\x19\x03\x88\xee\xa8\x09\
\xe7)%W\xb6\xb2Rt\xae\x98\xba\xc7\x82?\x90X\
\xad\xa5$I.\x07\xbc\x91\x9dm\xe9\x17\xf8\x10\xf8-\
\x13\xb8p\x9e\xb6\xeaBwL\xe0\x0f\xfc\x86\xc1\x8e\x17\
`\x89\x95\x0a~\x87D?k\x00K\xb4\xc0\xa7#\xf0\
\xab:W\xb0v\x8a\xc6N\xb5\xc0'\xe5\xea\xbeh\x80\
:\xa9\xdc\xdd\xb1\xe9/\x17\xb0\xb8\x90\x7f\x05\xb3\xfc\xe7\
\xf2\x9a\xf7\xdc\x0a\x9c\xdb?\x8b\xb5\xef\xb7\xcb\x12\x8a\xb2\
\xda\xf7\xe9\xefC\x0f\x19\x9d\xae\xf8\xb6\x99\x80i3\x81\
\xd79L\x80\xbc\x08\xc9\x91/\x5c/O]<\xd7B\
\xefA=\xd8\x9d\x86\xa0\x9d\xa8\xc8\xf0\x10\xfb\xe3\xce/\
&\x8d;\xa5\xe1\xb9&\xa2\xf2\xcbg;\xfe\xcfq\x0d\
\xd3\x87\xe0\xef\x99\x1f\xc0RZ\xfc\xbb\x06\x7f\xf0\xbe\xe7\
FXh'\x80\x1f\xe9\xc1\x1f|\xb6t\x9e\xe3\xb6\x98\
c\x16\x033\x184\x93\x81\xb5\xe6\xd2\x1d\x87\xfbX\x1b\
B\x8cf\xe1e.\xca\xbc\xfe\xefC}{\xc2\x02~\
\xf4\x0d\x0b\xd3\xcf\x05\xc6\xb7\xd0B0\xef\xd4^:\x22\
\x5cy\x99\xc0m\x7f6\x03LqTtf\xbb\x13\xd3\
\x03\x1d##\x01\xdf+\xe9\xe5.s\xce9\xd5\x8c\xb6\
\xa0\x13\x0d\x06\x5c\x98\x81hNAr\x92Ddt#\
\xf9E\xfb\xa2|o\x07\xf4\xdca\x0a\xc4\xd1\x5c\xa6 \
\xbf\x8d\xfb\xebO\xf0\xe7\xc3\x00\x02\xbdk\xd9-\xf0\x11\
9.\xf0I\x02?s:\xbd\xc9\xa0\x11\xe0\x0d&;\
}s\xc8Bc\xac\x89\xda\xb8\x81\xda\x88\x81\xc6\x88\x09\
\xa3l\xc2\xd2H:z0#\xfc^r!\xcf9\x01\
X\xd4g\x9dg2!\xda\xe7\x1e\x90\xd1\xb9\xddfv\
\xf9n\x05\x09\xecs\x0b\x02o=x\x01\x7f\xbee\xb3\
\x8b\xd3\xcc^j\x92\x098\xc3\x81\xdfz\xe3(~\xef\
\xab'\xb0\xa0\x99\x18\xa2\x8d@\xe5p\xc3\xe5\x00\xf4\x0e\
N\xe9\xee%\xb7\xcd\x18\x85\x9e\xb77\x0a\x11{^\x04\
n\xd6Z\xa1\xe8=<\xa4\xfd\xe2\xb2\x1c\xe9<\xdc\xbe\
\xa7HL\xcf\x93\xee\xcbQ}\xcam\x10\x9a\xe3\xac\xd7\
\x81\x99Y\xe0\xfc\x14p\xfe<\xd8\xd9s\xc0\xcc\x8cm\
\xe0 FP.\xdbLA>\xda\x0c\x96\x94\x81<\xad\
\x9c#\xf8s\xd7\x00Z\xdf.\x05\xf8Uy\xbd)\x95\
\xcca\xd1,\xfe\xdd\xb9\xa8F\xd6KY\x96\xd3\xa7\x98\
\x00or\xe8\x0d\x0df\xc9\xc4\xec\xfa\x1a.l\xa9\xe1\
\xfc\xe6y\xccl\xa8ca\xcc\x80Q1a\xea.\xe8\
\xdb\x9b\xaf\x04\xa3\xe1\x86\xea\x13l7o\xdd2\xa6\xe5\
\x8c\xe1\xc1\x9a\x09\xf3x\x03\xb7m\xd9\xd1\xba\x97\x99\x09\
p\x8a&-\xb0\xf7\xf22\xfep\xe7j\xbc\xe2\xe0#\
\xa8[\x16\x86\x98\xc3\x04\x9c\xc6q\xf1\xef\xf0\x03\x9b\xda\
\xfc\xc16L\xea/\x82&\xa4cp\xebv\x88?;\
\x99=\xbeHm\x0ah>V\x9a\xf6\x94?\xb2\x87X\
\x80a\x01\x0b\x0b\xc0\xd44p\xf2\x09\xb0G\x0f\x81\x1f\
x\x08\xec\xe0!\xe0\xecy\x9bsV+\xb6\x96`e\
\xb5\xa1x>@\xce\xe0\xcf\x95\x01\xf8\xb8m\x0a\xf0G\
\x034\x8c\x9cl\xe0O\x00\x9dB2.\xfet_\xbb\
s\xd3O\xafs\xa9\xda\xcf\xaei\xe0\xf4\xee\x19\x9c\xba\
|\x06\xd3\x17\xd7\xd0\xac\xc8\x10K`M\x06&\xd5\x7f\
\x06\xbd\xe6d\xf2\xb6ED[\xc5\x01Z\x99\xd6Sw\
e\xbb8\xc7\xeb\xb8\x86O\x9d\x9f\x94\x17n\xdb\xb2\xb3\
c&\xa0qR\xfb\x05~L[\x8dO^\xbc\x17/\
?\xf8\xb0d\x02U\xce\xe5p \xae\xed\xdb\xf6\x17\xfa\
\x9e3~&\x18\x99\xd6\xf7\x8a\x91\xc2\xc7\xd7Fq\x9d\
\xa9\xa5\x02\xd9\x9eOb\xfd:\xe0\xe2\x8b n\xbc\x1e\
f\xb3\x09\xf6\xe4i\xb0\x1f\xfe\x08\xfc\xdbw\x82\xff\xe8\
\x000=\x031<L\xcbg\x89\xfb!\x99D\xcf\x17\
\x03\xe4\xc3\x00\x84\x02\xfc\x81\xdbq\xe0\x8f\x03UtY\
\x8a\xfb\xa9\xc6\xfd\x11\xf5o\xfdi\x9f\xa8\x9f\xed\xbf\xea\
Ne\x09\x8fZ\xed\xd5\xd6Z\xd2( z$\xf0\x9b\
\x1c\xdc`\xb8\xb0y\x01\xc7\xae;\x8f\xd3W\xccba\
\xac\x09NC\x80&\xc3P\x8d\xb6Wwr\xb9eR\
\x1b;\x85\xcaq\xb0\xa7\xec\xd6'\xf0\x0c\x0b\x5c\x95U\
\xa6\x0d\xbc\xab7\xaf\xf7b\xb0\xde\xbes\xda\x07\x02\x0c\
\x1b\xb4\x12\xee8w\x06\x1c\x0c\x7f\xd1\x85&@L\xc0\
\x10\x02O\x1f\x1f\xc3\xdf]~9^\xf1\xe8CX \
M\x80s\xa9\xb0\xb7\xbeE\xa0\x9e\xb2\x1d\xdcS\xc1\xa3\
\xbfyF\xf0\x8bH\xc1\xa3`\xa8\xde\xb6\xa7\x13R\xfd\
\xeb\x8d\x96\x7f\xb4X\xb7\x0e\xe2\xf9\xcf\x83\xf9\xdcg\x83\
=z\x18\xdaW\xff\x15\xfc[\xdf\x96\x8c\x00\xa3#6\
\xe3p\xd7L\x87H\xd5\xc1\xf3\xa7\x9c\x8d\x80\xf9/\xf0\
\xf1\xe7\x15]\x82?\xde\xe2\x1f\xd7\xe8A)B~\xf1\
\xe4\xd0\xd2\xa8\xd3rh2\x04y\xb8@\xe0\xbd\x83\x8c\
C\xd6\xc3b\x98\xdd\xb0\x80\xc3\xcf:\x8b'\xf6\xce\xc0\
\x182\xa1\xd5\x19\xf8\xac\x03X\x07\x88\xad\xf2\x5c&\x9b\
\xe2]\xfc\xfcX\x04\xf9\xb3}\xae\xcc\xeb\xa9i\xec\xf7\
\xb3\x9f]\xe1\x1c\x1f:\xf3$fM\x13\xef\xd9\xb2\x03\
\xa3$\x05;`\x02:\xed\xf9'\x04\x9e9:\x8e\x8f\
\xed\xda\x8d\x97=\xfa0j\x14h\xc6\x19\x0e\xc4}\xe7\
x@gL+2\x80?\xf8\x12\xae&@\x9b\x94\xb8\
\xe74\xcf\xd9\xa8\xdb\x16\x99\x9d;`\xbc\xf67\x81\x9f\
\xfeIh\x9f\xfb\x02\xb4\xaf\xef\xb7\xed\x08\xa4\x11\xd0\xdf\
\x0e\xc0\xdf\xfd\xae\x00y\xdb\x00\xdc\x90\xa0\xcb<\x9e\x1f\
\xbd\xe4\xfc,\xe4Z\xf8\xab\x9f\xa6a\xebv\x8e\x91Q\
2\x1e\x05\xf2*{I\xbb\x90\xe9\x8b\x81\xda\xd8z\x94\
j\x17I\xf5^\x82>(\x91\xa3^8xE%\xcd\
SP\x9a\xe6\x8d\xcbK~\x813\xa6)\x01\x9c\xd2C\
8\x96\x09<cl\x1c\x1f\xbb\xec\x0a\xbc\xfc\xd1\x87P\
sm\x02QZY\x22\xa0\xa3k\x93\x98V$\x80?\
\xa2/\xf9\xee\xc9\xd1\x9a\xe3\xf2X\xabK;\x81\xb8d\
\x13\x8c\xd7\xfd\x16\xacg\xff8\xb4\xbf\xfb\x18\xf8\x81\x07\
\x81\x11G\x1bP\x06N\x88\xa8?\xf2\xa1\xae\x19\x80-\
]\xc2\x8d\xb2\x9c\x16\xf8\x04\xc1_[\x00n~\x8e\x86\
\xe7\xfe\x94\x8e\x91\x91n\x06g\xc3\xf6\x9f\xec\x01\x95\xfa\
\x96\xbai\x8d\x96& \x99\xc0n\xbc\xfcQ\xdb&P\
fLN9\xfa4\xa9Df\x10\xdf'\xfcYE|\
\xda\xd4\x9a\x81\xa2T\xf7\x1e'\xcd@\xb3\x87\x08\x0bu\
\x98W]\x09\xf3O\xde\x06\xfd3\xff\x00\xfd\x1f\xfe\xd1\
NS\x0e\x06N\x88\xaa\xef\x00\xc4\x03h\x83L!\xad\
\x06t\x81\x0f1\xe9\x85y\x81\x9f\xf8\x99\x12\xfe\xcbO\
z\xd6\xc2wJ\x8e\xf5?\x0f\xca\xb3StR \xcd\
\x0e\xe4a\xa7\xf22\x81\xff\xb3\xebr\xbc\xec\x91\x87$\
\xf8}\x95J0\xcefS\xf5\x85\xbf\x7f\xc4\xe6Mr\
\x1a\x0b\x5cT\xdd\x93\x06CR!\xe7\xe58\xd2x\xc5\
\xcb`\xed\xbe\x02\xa5\xbf~/\xf8\xd9\xf3\xb6\x9104\
$\x08\x94\x93#\xe5\xe7\x09\xa8\x04\x99\x8fg{/\xb5\
R*\x99m\x1f\xc6\xf3#M\x8efzv_\xa5I\
\xf0KF\xed\xae\x85\xef\xf4'M\x07,\x97\x9f\x96\xf7\
\x8fe\xfb\xe5i\xa4&&\xd0\x14\x02?>>\x81\xdf\
\xd9t\x09.\x18\x86\xcf\xe1(F@wg\xf1Gz\
A\x95\xa4\x09\x84\x86\x05\xc1s\xb9\x97\x81\x05LM\xc1\
\xb8\xfe:\xd4\xff\xe4\xed\xb0.\xbd\x14lv\xd6\xf6!\
PP\x92(\xed\x0bW\xe08\xf0+\xeb\x1b\xd9\x88\xfd\
\xb0\xc0\xc7sn\xd9\xa0}\xce\xf3\xdbJS\xa7.\xb1\
\x05\xa5c\x02\xa4\x5c\xbdj\xe3\xc5\xd8^\x19\x92C\x01\
\xaf\xb3S\xeb\xbb\x84\x90\xd6C\x8b\x7f\xda\xb4\x9ese\
\x1fn\xab\x03\xd2\xc5\x98\xd1\xf4\xe0\xc6\x8d\xa8\xbd\xed-\
0\xaf\xba\x0a\x8c\x9c\x89<L@\xf4B\xc3\xeb\x05\x03\
\xc8\xc5\xe2\x9f\xba\xac@i*\xd5?X^Z\xf0\x07\
\xbf\xb0c\xd0\xdd\xb0\x91I\x83\x1fQk%[A=\
!7\xea\xef\xb8\xa6\xc9\xe1\xc0\xbcI\x0c\x80e\xfa\xe6\
\xb1iE\x07\x82HU\xae*mD\xd9\x91\xda.\x81\
\x9d\x0c\x84\xd5*jo\xfaC\x98W_\x0d6\x13\xad\
\x09\xa8K\xeb\x8cr\xeb\xc6~\xc0vg\xf4\xeb\xa7\xe9\
>\xc9\xa7)\x10\xa6\x09L\xacf2\x0aN'\xab\xe1\
\x0a\xcaN\xee\xd2\x80\xed\x95\x8a\x9c\x0ed\xb1\x80\x8e\xee\
\x13Y\xd2\x22\x01\xd0\xa1\xbe\x94%\xad\xe7b\xe8\xb2\xe6\
\x18\x08\xcbe\xd4\xde\xf0\x070w\xed\x04\xe6\xe6\xec\xeb\
!\xca\xaf\x03\xf2\xfc\xd5\xfe\xc1\x9d\xee\x0b\xa9\x90\x81\x04\
\x05\xee\x97\x882O\xff\xc5\x15\x95\xd0\x7fD\xe01I\
\xe7\xdeRS\xe5\x8d\x18\xda\x0aG\xadl4 FG\
P{\xfd\xef\xc2Z\xb3\xc6^o\xe0\x1bk\xe6\xdb\x0b\
sVd\x07{\xba/j\x81\x8f4\xf6i\xc0\xd49\
\xab\x15\x12\xbb\xa0\xde\x13uNj\xea#\xf5\x9a44\
\xba]\xc0'\x80\x83L;\x96\x19$\x08\x07\x91\x906\
\x02\xd0AJ\x956jX@L`~\x01\xd6%\x97\
\xa0\xfe\x9b\xaf\xb1=K[\x15\xcb_\x04\xe5\xc0\x00\xfc\
K6\x03w|g\x11\xdaP\xf8\xbe\xb2q\xe2-\xfe\
y\xc7\xf3\xf3v\x06\x9a\x86*\x95\x04N\x9f\x128\xf6\
\x98\xd5\xfd\xf4_A\x89$\x9b\x9f1L\x9b&\xee\x9c\
\x9e\xc60\xb9\x06+g}\xd2\x83?Q\xbawc\xf1\
\x8f\x02t \x812m\xf0\x9csi\x084n\xbc\x01\
\x8d\x17\xbe\x00\x98#{@o\x8cN9\x95\xea\xba\x9b\
F\xcd\xd5\x84['\x13\xf8\x13\x17\xe5\xf4>\x9e\x9f\x5c\
\xd1i\x09\xfc\xeb\x97\x9b\xb1\xe9\x0a\xca\x87\xc8\x17\x80:\
\xe7\x07\x9e|\x02\x8f\xd5j\xd2#\xb0\xed\x0f\xe0\xb4\xff\
b\x19\xfdDB\xda\x88\xb2=\xacI\x917\x22\xad;\
{F\xb3\x033\xb3h\xbc\xe0\x050\xf7\xec\x01#\xbf\
\x81\x1eX\x9es(Q\xa1\x0f\xf7z\x81OT~\xc5\
EO\xd3\xab\xeb\x15(A\xcd\xc1\x85\x94\xf8\x95*\xc3\
\x81\xfbM|\xf5\x8b\xcdV\x10\x18\xba.\x7f\xe4\xde/\
\xb7\xab\xcc\xe7g\xe6\xfd\x13\xbd\xfd\x89\x9c\xc1_b\x0c\
\xdf\x98\xba\x80\xf7<~\x02\x13\xba\xee,\x11\xce\xdf\xe8\
'Z\xff\xd8\x07q\x9aA\xaa\xb4I\xd2=6m\xa0\
7\xd2\xd2\xe1r\x19\xf5\x97\xbd\xcc6\x06\x06+.\xfa\
\xc4\x13\xd0\xb2\x0c\xdf\x0b\xc7\xa9S\x9e\xcb\xee\xdd\xc0\xf9\
\xd2Z\xfc\xc3e\xb5/\x10\xd0\xabU\x86\x7f\xfe\xbc\x81\
\xb9\x19\xe0y\xe4\x0a<\xeae\x80}l\x1c\xe8\xe3\xaa\
\x05\xc1O>\x00\xa4\xf6\xff\xe2\xa3\x8f\xb4\x9c%\xad\x1e\
\x19\xfd\x90A\xd5\x0f\x95\x9a\x94\xd6\xb9\x98\xc4\x0c\x94\xd5\
\xa1\x03i\x0f\x98\x87y\xcd50\xf6\xfd8\xd8=\xdf\
\x85\x18\x1d\xcb\x05\xf891\x80)\xf9\x81\x9aFM\xbd\
l\xb3\x8f-\xfe\xa9\xc0\xaf\xd0\x0c\xc8!\xa8R\x01\xbe\
\xf1\xafM<\xf0C\x03\xd7\x5c\xa7a\xfbV\x0dl{\
\x13\xb5\x89\xa6\x5c\xb7\xaf\x1a\x09\xa9\x9cXB/\x1cu\
F'\x19V\xda\x84:c\xd6\xbc\xe1\xeaD\xd6\x93\xbc\
\x10i1\xd0\xd3FF\xb1Z\xd7[U\xed\x16\xfc/\
}\xe4A\xd4-\xe1\x09\x10\x12\xf1\xddb\x99\xc1\x22\xbb\
\xf9F\xa5\xf5\x1cF2\x03\x85\x8a,\xff\x90\x9a\xd9h\
\xa2\xfe\xd3?\x0d\xf1\xd0\x01\x02[\xa6\xef\xb9\x08\x1a\x00\
G\xbdq\xc1\xb7\x90)\x0f\x8b\x7f\xc7\xe0O\xa9Y\xa4\
\x02\x7f\xc4G#u\x9f\x16pM]\x10\xf8\xda\x17\x9b\
\x10Z\x13w\xbf\xfa(\xa6.Z\x00o\x90\x8f\xaf[\
gO\x01N\x08?_\x99\xc1\xb6H\xec$\xe1vk\
\x15\xe9\x84\x09h\x9f\x07XX\x5c\xd9)\xd2\xfaZ\xcb\
9'\xb0\x9ei6\xf1\xdf\xd7\xac\xc7\x8d\xa3c]\xf5\
\xc9 \xf8\x1b\x0a\xf0\x87\xbe[\x02\xa0S\x0d;{\xe1\
\xe6\xeb\xc9\x90\xee\xbb\x06\xc5\x8d\xf7\x98\x81\xd5\xebhn\
\xdd\x8a\xb9\x1bn\xc4\xd8\xd7\xbe\xe6\xb8\x11G\xaf\x17X\
4\x0605E\xfe\xec\x1cs\x0bg\x9c\x00'\xac{\
\xf0\xab\xce:\x05?r\x8c\xe7\x17\xb8/\xb7\xc6*\x01\
\xe3\xa6\x86\x13\xd7N\xa1\xb1\xb5\x8e\xf1\xf9\x12\x84\xe6\xfd\
\x98Nn'\xa8\x86\xef\xd8a\x0a\xbe\xf7\xf1.'v\
\x99F\xeb\xc1v\xb0>\x1fc\x0b\x94\xe5k\x077\x9e\
@\xe4}\xfa\xe3\x89\xbd\x17j\xa3\xa8\xb4v0\x0e\x9d\
s\x09\xfeW\xad\xbf\x08\x7f\xb9\xbd\xf3\xa8@q\xe0\xa7\
\xeb\xfej\xf5hm\xbf\xc8\x906\x91\x99v\x09~\x95\
\x9d\x8a\xd6Z4\x9b\x98y\xe6\xb30r\xe7\x9dv\xe8\
\xb1\xfe0\x02N\xc9\xc8\xacs\xb5\xd3h\xca\x05\x1b\xda\
@-\xf0q\x1e\x17\xa6\x94e\x11\x130\x99\xc0\xe3W\
OA\x98v,9\xe2\x83\xd2\x90\xd7:\xb6y\xb5m\
$t~\xdec\x99\x16\xd1i[\xe7\xae\x81\xb0}?\
>-\xc2iC\xe7\xfez\xba\xf7\xd5i-'\xad\x90\
+\xffN7\x1bx\xf1\x9a\xf5\xb8m\xfbN\xd9.=\
\x07\x7f/\xd7\xf6GP\x1c\xf8\xfd\x89\x924\x8c\x88\xb4\
\x11\x9a\x977\xbd\xbcD\x0c\xa0^G}\xeb6\xd4.\
\xbb\x1c\xbc^\xcbmF\xa0k\x06\xa0\xf32\xe6\xe6O\
c\xa1~\x16\x8c\xd6<K\xc7\x85N\xc1\x9f\xdc\x90J\
\xb5\xceW\x96\xe8\xa8\xacv]\x15\x9f.\xa8\x02\x13 \
hUg\x93\xc9\x80\x9d\xe7\xb7,@kp\xb8\x91\xa9\
z3\xdf\x1c!}B\xe5\xe6,}\x02\x07\x04\xfes\
\x86\x81\x97\xac\xd9\x80\xdb\x1d\xc9\x8f\x9c\xc0/\xc7\xfc<\
\x19\xfc\xb1F\xbf\xd4n\xbeI\xed\x1d\x0f\xfe\xae\x8d~\
)\x87h\xad\x13b\xbe%\x1d\xb3O{\x9a\xcd\x99s\
\xa2\xae\x18\xc0\xd4\xd4\x14\x18\xd3Pk\x5c\xc0\x85\xe9\xc7\
\x9cp\xe81\x9c:p\x90U:+\xf9uZ\xf0\x07\
\xbe\x98\xfa\xdb)\xee+\xd4\x11\x99\x8c\x09h\x06\xc7\xe4\
\xce94*\xa6\x8c\xe8\xd3\xb5\xf4I\x09~\xf5\xbb\x07\
:U\x96\xb4\x11\xe9\x83\xadA\xe0\x9f6\x0d<w|\
\x15n\xdf\x96?\xf8)\xc4\x98\x11\xe8\xdc\xd9T\xfd\xf4\
y\x93f\x8fD\xb0\xd4T\x8c#[H\xbcti\xdd\
a\x17\x03\xaf\xd7\xb1p\xc5\x150W\xad\x02\x0c\xc3\x17\
\x17\xb1S\xeaZ\x8f`d\xa81k8u\xee\xfe\xd0\
6O~)$\xba\x07\x7f,\x07\xceo\xba/\xf2C\
xo\x0a\x06K\xb7pv\xc7\x1c\xb8\x13\x5c?\xfd|\
s\xbcf\x90\x04~\x7f\xbb\xc6\xbf\xbe\xba\xc3%K\x1f\
_k8'\xb4F\x7f\x15\xd7\xf1\xa7[/\x95\xdf\xda\
Z\x14\xf0\x8b%t\xf3\x0dS\x1c\xf8\xfd\x17\xe3\xda7\
\x5cx\x1c\xf8\xe1\xce\x064\x0d\x98\xeb\xd6\xc3\xa0\xb8\x01\
\x8dF.>\xe9\xb9\xb8\x023\xa6\xe3\xe4\xe4\xbdr\xc5\
\x9cws\x86h\xf1\xd2o\x0b|\xd2\x83\xdf\xbdO\xbb\
\xf4P\xac~\x1a\x02Pd_+\xe1\x1d\xfc\xcfL`\
f)\xc1\x1f\xbc\x98$Q\xbc\x15K\x95\xd6\x95>\x8e\
\xf4\x9f5\x0c\xfc\xe4\xaa5\xd8R\x1e\x92\xd6\xf9\xb8\xc5\
\xaaY\xc1O\xe1\xc1U\xef\x14\xa8\xf6\x22\xbb\xf9\x0a5\
\xb3\x0d\xa5\xf5\xb4iJ\xf0\xab\x99mR^\x0b\xa2T\
\x82\xb1{\xb7\xdch\x84\xb4\x82%g\x00$\xf54\xad\
\x82\xd3\xe7\xee\xc7\xcc\xfc$4M\xb77V\x086\xa2\
}\xe8\xfd\xb3\xe8\x0b|\x22\xc1/\xb2\x81\x9f\xc6\xfa\xb4\
U\xd7\xcc\xfa:\x1a\xa3&X`F&N\xfa\xa4W\
=\xe3:\x5cN\xaag\x0a\xe9\xe3\xbf\xc7\xe4\xda\xfc\x18\
v\xde\x19\xf8\x95\xbbD\x0d\x8a\x9b\xafM\xca\xda\xa6\x00\
\x7f0}P\x14\x05\xdb\x9f\xa4\xac\xb9c\xa7d\x04y\
\xd8\x02\xbag\x00d\x15\xe6:\x16\xea\x93x\xf2\xec\xdd\
\xf6\x9a\x85\x96S@\xff\xc4\xf3\x0b&\x88\xafW4\xf8\
[\x17L\x0a\xeb]\x87\xa9\x91\xf9\x9fE\x83T!Q\
#\xd3\xc6T,I\xfa(\xd3Ft@eu\x14\xe0\
\xf7%\x15\x14\xca\x8eac\xa9\x9c\xab\xda/\xc1\x1fz\
\xd6 \xb9\xf9\x0au\x1b\xa6\x04\xbf\x88\x02\x7f\xcct\xa0\
y\xd1\xc5\xd2#\x90\xc9\xd8\x81\x13X\xfa\xd5\x80D\x8c\
\xe3\xd8\xa9\xaf9\xab\xe4$\x17X\xe2\xe9\xbe@i*\
f\x99h\xf1\x8f*\xcb\x1e\xf3\xcf\xad\xad\x07]\x1f#\
;Xo\xa4\x8f\xa7S\x89.\xa5O\x9cT\xf30\xdc\
z\xd8\xe3+=\xf8g\xa6\xf1\x0b\x01\xf0\xab\x18M\xdc\
\xb9\xbf~\xd1\xe0\xf7\xbf@\x12\xb3]\x027\xdf\xc8o\
\xa1\x00\xbfg:\x90\x1cn\xc4\xf88\xac\xd5\xab\x01\xb3\
\x09L,9\x03\xa0\x86\xb7P\xd2\x86q\xea\xdc\xf7q\
v\xfa tM\x93\xf3\xc6n\xe5=\x7fZ'1\xdf\
\xca)S\xf5\xa04\xd29p_-\xf8\x22\x8d~J\
p\x05\xebE\xccK\xb3\xb00\xde\xb4w\xebuwD\
\xca\x22}\xb2J\xaa\x88N\x13\xd1/\xf3\x93>\xee\x01\
\xd9\xa0,\x81\x07\x17\xe6\x95\xcfM\x05\xfe\x87\x1fD-\
\x00~\x9f\x14^in\xbe\xaa>\xad\xf8\xa0\xbe\xb4\xa6\
\x05\xabRq\x18\x00\x85\xa9BW\x94\xdb\xfaB\x9a\x0e\
l\x9a\xb38t\xe2s\xf6N9\x12(\xf6\xbd\xf0\xb7\
\xe8<\x9e\x1f\x16{\xba/\xfcT\x89w\xda\xa4\xb39\
lO\xff9<!\xb2\xbe\x11\xfd\xa57\xaa'r\x04\
\xbf'\x0b\xfd\xc8A\xe7K\xe7\xcf\xc9\xe34\xee\xe8\xb1\
\xe0W6\xf9Js\xf3E\x86o\xe3^\xa2\xb1\x18\x87\
\x98X\x05\xd6\x0f6\x00\x97\x840Q\xd6G\xf1\xd8\x93\
_\xc1\xb9\xe9\xe3\xd0yIj\x06\x1d\x81?\xf6\x03\xa9\
\xb8\x8a\xb7\xac\x00\xb8Ez\xf0\xfb>\x95\xaam\x9d\x02\
%\x03(Y0\x86\xecM\x1cBIE\xfa\xf7Q\xbc\
\x992-\x01\x8e\xc6\xe0:\x18t\x0a'\xee\x86\xe2\x8e\
\xe8\x80\xca\xeat\xaaz:;\xe6\x8eh\x1a\xee\x9e\x9d\
\xc5'\xce\x9c\x96u\xa1i\xc1\xa8fj\x06\xc0\xefS\
\xfb\x13\x98\xfe\x8aq\xf3\x15\x9d\xa4\xb5\xb7\xe0\x16\xb4\x18\
E2\x80>\x18\x02\xb4\x0ac:\x16j\xe7q\xdfC\
\x1f\x82\xa6\xb5\xb7k\x1e\xe4\xe9>\x7f]\xdd\xce\xcb\xa4\
\xdd\x8f\xb4\x80\x96x\xcck\xbe9\xd0\xe1\x5c\xe07\x84\
\x90\xf1\xf1\xcf\x18\x0d\x9c1\x9a\xf2\x98Tr\xba\xa7\xcc\
\x1b\xaeL\xfc{+\xea\x11|\x15\x9b\x09p\xbc\xf9\xf8\
c\xd8?=%w\xec\xa1\xa7\x13\xa8\x0d\xe7\xe7\x06\xef\
\xa4\xf5\xfc\xfb\xa7.\xe0\x17\x1e\xa6-\xbel\x0f\xbfH\
\xf0\xafd7_e\xef\x0c\x90\x17\xfc\xb6\x17\x1a\xc4\xd0\
P\x5c\x8e\xa5\xd9\x19\xc8\x12&*\xa5q<t\xe4\x1f\
q\xd9\xb6\x9f\xc3%\x1b\x9e\x8aF\xb3!\x9d\x85z\xbd\
\xba\xaf\xa3\x05>\x9d\x80\xdf\xb6\xff9\xc7q\x0c\xabK\
\xe9Cq\x08\x1d?|\x02\xfb\xb6\xf2\x10n\xa8\x8eb\
\xfb\x90\xbd\x8f\x18\xc5\xc9\xbbgn\x06G\x1bu\xb9)\
'\xadAr\xa3\xe8\xa6\x92(\xb1\x92+\x9c\xd0-\x8d\
:\x0c\xf9\xeb\xbf\xf2\xe0\xc3x\xdd\xc5\x97\xe0\x15\xeb7\
`\x8d^\xf2%?k4\xf1\xd1\xd3\xa7\xf0\x9e\x93\x8f\
\xcb(J^\xf0\x87>S\xe1\xe6\x8bx\xcd@\xf5-\
\xec\xfd\x04r\xc0\x7f\x8e\x0c\xc0\x95\x842t\x93\x81\xef\
\xdc\xf7g\xf8\xb9\xe7|\x0c\x8c\xd4\x15i9\x8e\xd9\xda\
%-\xf8U\xd9\x134\x8b\xc8N\x1eYV\xe0~T\
\x06wy\xaf{\x1cx\x98\xea\x15\xb3H\x1f\xee\xa8\xd1\
T\xf6\x1b6n\xc6\x7f_\xb5\x1ekt\xff\xe7:o\
\x18\xf8\xbf\xe7O\xe3\xafO?!\xd3\xb6\xb4\x81\xae\xe7\
\x9bU\x8cC\xb4\xe3#2&\x19\xd3\xdb\x8f\x1f\x95@\
\xbfil\x1c;(H\x82\x00\x0e\xd7j\xb8kf\x0a\
\x8f\xd5k\x18\xe3\xbaL+\xfdBB\xcf-\xdc|\xe1\
4Hb\x1f\x0c~D\xd6\xc7{\x03\xba\xb6\x80\x93\x93\
\xf7\xe0\xde\x07>\x88g\x5c\xfb\x1a\xcc\xd7k\xceJA\
'\x8d?Gz\xc0\xf6l\xba/\xc2\xf8\x15\xa8LH\
J\xab_H-\xed3\x18\xfdH\x9a\xd7\x85@\x99q\
\xbco\xcbN\xfc\xa7\x91qyO\xee\x92\xebIK\x01\
8\xfe\xc7\xfaM\xb8\xb6:\x82W\x1f=(A\xa99\
\xe3\xf2d@\xc7\xbc\xb72m\xfb\x5c8\x0cj\xb5^\
\xc2\xe9f\x13\x9f>3\xd9\x9a\xcf'\xfb/\x05\xf0\x5c\
\xad\x95\xe45_$\x1f\xefq\xbf\xba\xf9B\x956\xfc\
\xf0\xe8\xf6\x0d\x17\xde\xcd\xb0\xcb\x07~\x95\xbd\xa9K\xea\
\xde\x06\xe0\xebm\xed\xa1\xc0Py\x02\xf7>\xf8^\x1c\
y\xfcNT\xca\x15yM&W\x81EUf'\xd3\
}\xddX\xfc3\x80\xbfu\xc1\x9d\xec\xe8\xc6\xe8\x17\x01\
~\x92\x9c\x1f\xdc\xbaK\x82\x9f\xc6\xd6\xf2^`\xcf>\
\xbaF\x92\xff\xe6\xd1\x09\xbce\xd3V\xcc\x9b\x86\xdc=\
'\x0e\xfc\xbe\xa7\xa5`\xa8Qi\xe9\x9d\xdd\xd8}\xab\
t\x1dk\xf5\x12\xd6\x95t\xc9\x94\xe8\x9a[\xe7p{\
\xf6\xb9\x9b\xaf\x08\xa6\x8da\xfe\x11\xe0\x8fd\xa0\xa9\x19\
s\x02\xf8\x15\x98\xeb\x94z\xb6\xc1\x15i\xa3\xd4\x19\xff\
\xed\xee7\xe0\xc2\xf4q\x94\xb5\x0a,\xcb\xec\xcb\x05>\
\xd1LI\x01~o`\x8d\xd03\xd3K\x1fU\xc7 \
\x1d\xc9\x05\xff\x87\xb6^\x86\x9b\x86\xc7ZSi*\xad\
\x8f\xae\xd1=\xd2\x0c^\xbcz=\xae\x1b\x1e\xc5\x9ce\
\xfa>jn\xd2'\x22-\xfd%?~\xaf\x110\xd1\
\x8a\x1f\xd3{W\xae\x9boz\xc9\x1f\x14N}\xc8\x00\
\xec\x95q\xbaV\xc1\xdc\xc2)\xfc\xf3\x9d\xbf\x8dZc\
\x1a\xbaVv\xec\x01\x11`\xf1\x97\xe0\xbb!\xb2\x82\x1f\
\xe9\xc0\xafl\xc3\x08\xce\x1f,\xd5k\x03\x08~\xa5$\
\xe9\x13\xfc#\xc1o\x91\xda\xdf\x06?\x81\x89\x00\x1eG\
n\xacA\xfa\xfb\x13\x13k\xa4\xa7\x9ed\x17)\xdc|\
;\x95>\xa9\xd3*\x01\xed\xbfP\xb8\xf9\xda\x14\xc6\xb4\
\xba=\xf3\x92\xfc=d\x00\xed\x1a\x92\xda_.\x8d\xcb\
\x85B\xff|\xe7\xff\x80a.@\xd3J\xd2H\xa8\x04\
\x95H\x06?\xd2\x82_\xd1\xc9}\xf7\xfd\xc9\xda\xf9\x95\
\xa2!XVp\xfa\xafs\xe9\x13\x04\xff\x07=\xe0\xf7\
M\xf1\xc5\x90\x9bjw\xa5*\xfd\x04\x22L\x1e\x11\xef\
\x12\xbe\x91\xd4F\xe1r\xd2u\xd6\xc2\xcdW\xc40P\
\xf5\xb7IJ\xdbG\x0c\xc0\x87\x88\x16\x11\xd8+\xe5U\
8q\xea;\xf8\xe2\xb7~\x03\x8d\xe6\x0ct\xad\xda\xb6\
\x09x\xb3+\xa0\x14n\x80`\xafJ\x01\xfe\xe0}\x7f\
\xb2\xf6}U\xd1\x11\x89\xbcK\x00l\xf7`u\x9d{\
\x0d~/\x91\xa7\x9e;X\xc8\xe2\xe6\x1bN\x1b\x0d\xe8\
DM,m\xdaX\xe6\xb0\x02\xdd|3\x0c\xbb\xfar\
g \xd5\x15\x11`\x02\x8f\x9f\xfe\x0e\xfei\xff/a\
f\xee\x18*\xe5*Li\x13\x88\x00\xac\xb2q\x02\xcc\
A\xd5\x22\xa9\xcb\x0ad\x0b|\xb5\x88~\xd0>\xa0\xbf\
n\x00\x94\x88N\x15\x07~\xe4\x0c~*\xf6T\xb3i\
\x87\xd3j\xc7f\x0d\xbdt\xa4\xb4Q\x14\x98\xd4\x86\xb1\
\x80\xce\x926\x90xE\xba\xf9\x8ax\xe6\x1b<\xce\x8b\
\x19\xe4\xb7\x1a0\x81\x5c&0y\xfe\x01|\xee\xdf^\
\x8e\xc7N\xfe;\xaa\x95\xaa\x14\xa54u\x18+yT\
\x0d\xab\xeapi\xa6\xfb\xd0\x0d\xf8\x85\x94\xfc\xc2;\xf8\
\x8e\xe9p\xde;B\xd1\xf0y\x81\xdf\xad\xce\x9d\xb3\xd3\
\xb1\xd2'\x1dS\x14\x99\x99q\x16\xa3_\xdf\xba\xf9\xa2\
K\xf0\xc7:\xf3\x84\xd3\xfa(\x85\xe6\xe5O\x9f\x1f\x0b\
\xe8\x89\x11P\xc40\x81\xa1\xd2\x18j\xf5\xb3\xf8\xf2\xbf\
\xff\x1a\xee\xfa\xc1\xedr\xb6\xa0T\xa2!\x81a\x1b\x08\
S\x8c\xcb\xd5\xdc[q_\xd1\x8a\x99,\xfe\x8a\x0f\xee\
\xbd\x11\xed\x08\x14\xc1\x0cD\xfe\xe0'\x93*\xe5;\xd1\
\xa8\xe3KS\xe7\xa4W y\xdf\xf9\xde(\xb2\xc3\x05\
\xcfC\x88H\xc58|\xa7\xa1\xf3\x01q\xf3\x15\xa1G\
\xc6\xa4M\x0b\xe8\xf6\xcdH\x81\x96q\xd8\x95\x13\xee{\
?\x0d\x18E4\x15\xa8iC\xd0x\x09\xf7\xfc\xe86\
|\xe1\x1b/\x97NC\x95\xf20tn\xfb\x0b\xb83\
\x05\x8b\xb9\xc0'\xb2lO\xf9>\x5c\x04@\x92V\xfa\
P\x83\xd7rT\xfb\xe5\xa6\xa5\x00\xfe\xf0\xc4c\xb8`\
\x1a(9~\x00\xd1\x92+\x5cHl\x07T<3\xad\
\xa4Z27_\xcf\x9d\xa5\x8f\xe6\x8bh@\xa7f\xcc\
\xde\xf3|9@~\xab\x013$\x22\x95\x9f\xa82\xb4\
\x1a\xa7\xcf\xde\x87/\xee\xffE|\xfd\xee7\xe1\xc2\xec\
a\x0c\x95\x87Q\xd2\xab\x92\x09\x10\xb3\xf0\xfa\x92\xa9\x01\
\x9a\x1e\xfc\xa1\xf6\x0e\x82_\xf5>\xaa\x0f\xee\x22\xcf\xbf\
\xea9\x1d\xf8\x05\xc5\xbd\xcf\x07\xfc.\xbd\xee\xd8!\xfc\
\xcb\xf4\x05\x8cs{\x13\xcdH\xe9#\xba\x93>>f\
\x9c*\xed\x12E\xf3\xf5\x02:K\xda\x18@G\xf0\x97\
\x98\xb4)4\xaf\xc8\xde\x97\x02\xfc9\x19\x05sq\x05\
v\xf1\x10\x9b@qB\x8c\xa0T\x1a\x91\xdc\xff\xc1\xc3\
\x9f\xc4\x91\xc7\xbf\x82\x9d\x9b\x7f\x12W\x5c\xfa\x22\xac[\
u\xb5\x0c3nP\x0c4\xb3\xee|x\xf2.bm\
o7\x91\x0f\xf8\x83\x85D\x82_U\x96\x87!\xa4\x02\
?\xf2\x05\xffo\x1f;\x84O\x9e\x9b\xc4:\xad\x14\xf0\
\xbeK6\xfa%K\x9b\xe8\xf6\x8a-7\x986\x96\x19\
$\xf8\x83$\xa5\x8d9\x8f\xaa\x9f?\xad\x08%\x12\x19\
\xfaC\x12\xf8\xc3\xcc6x\xae\xe8\xa3)\xbeE\x1e\xe0\
\xcf\x85\x01$V$\x02\xfc\xad+\x8e\xba?T^\x05\
\xd3l\xe2\x81C\x7f\x8fG\x8e~\x0e\x17\xad\xbf\x01;\
.\xf9\x09l\xda\xf0t\x8c\x0eo\xb6C\x8e\xd3:|\
\xcb\xb4w#&-\xa2\xe5T\xa4\xda\x1f\xcf\xd9\xcc\xca\
\xd3X\xad{2\x9d\xf0\xe3\xd7\xf3\xc1\xec\xf3\xc0}\xe7\
\x84\x9e\xc8\xe5\xf8\x9f\x86*\xd1/\xddK\xf0\xbb\xb9~\
\xe7\xd8a|\xfa\xdc\x19l\xd0\xcb0,Kn\xd4\xd9\
\xf6\xa1\xb0\x8f[Op\xdaA>R\xbe\x94\x93V\xae\
h\xb4[C\xa6m\xef\x00\xe6\xcf+\x1b\xc8q0\xb2\
\x97\xa4\xb7\xef\xf9\xce\xc9P\xda\xce\x1dJ\x8b@Zb\
\xe7\x9e5L\x9e\xac\x9e\xbc\xce\xb7\x10\xed\xb4\xb2\xaar\
\x17#\xcf\xda\x87\x08\xe6\xab\x04\xa9'\x81HJ\xebV\
&\x0e\xd0\xb1y3\x80?\x921\xe7\x05\xf9\x1e/\x06\
\xca\x02~\xdf]a\xcae\xc3\xc4\x08\xc8\x0ep\xfc\xc9\
o\xe2\xd8\x13_\xc7pu\x03\xd6\xaf\xba\x12\x1b\xd7^\
'\xb5\x82\xf1\xb1\xed\xa8\x94\xd7\xa0\xa4U\xe5JC\xea\
\x10^\x80\xfaB\xf4y\x0du\xad\xe7\xf8k\xa4\x02\xbf\
\xb7\xba\xa1\x8fAJ\x88\x09\xf0\x12\xdd9a_\x0fH\
\x7fo\x1e\xad\x07\x92\x9fv\xe3\xfd\xdd\xe3\x87\xf1\x09\x92\
\xfczI.\x17\xeeX\xfa\xa4\x1ew\xda\xad\x1c\xb4}\
\x84$\x7f\x0b\xc5\x0a\xff\x88\xd0\xb7\xf0h\x09\xbe\x0a{\
\x19\xb5\xfd\xfc\xe0}\x93\xc0\xef\x04)\xf1\xef)0\xd8\
n\xbe\x08\xb6Q\xe0b\x9c\x1d\xa5\xbf\x18@\x06\xf0{\
\xd3\xb9\x0eB\xe5\xd2\xa8\xecp\xcd\xe6\x0c\x8e=\xf9\x0d\
<v\xf2k\xd0\xf9\x90d\x10\xc4\x14\x86+\x1bP\x1d\
Z\x8bryB:\x16Q0\x12\xf7I\xae<\x93\x1d\
,\xe8\xb0\x13L\x15\xe8t^\xf1\x17\x92\x82\xf4WF\
\xc0\xb0`\x8d\x94`\x997\x811\x8a|\xa4\xe0\xdf\xce\
z~\x02\xbf4\xf8m\xe9~\xaa\xcf}<\xa9\xfa\xb4\
#\xef\xab\xd7_$\x81\x10lCu\xcb\xc6\xde\xce\xf7\
3F%\x8f)\xcc\xd7\xd6\x09y\xe9\x906&\xfd\xde\
\xf4\x0c>{\xfa\x0c\x0e\xce/`u\xc9\x0eG\xafb\
$\x9dD\xf3\xcd\xcd\xe8\xa7L\x1b\x0d\xfep\x13\xf5\x0e\
\xfc\xbdc\x00\x1d\xf6\x1a\xbf4\xb1Z\x9b\x8e\x94\xf5\xb1\
\x96n\xda4\xe6p~\xea\x11\x9c\xbdp\xa0\x95&h\
\x18j\x95\xe6\xddm7E\x95X\xaaDLn\xcb\xc4\
&\xc6\xb1\xcez\x0a\x18\x86\x00rmvtk\xe1\x01\
\x7f\x03\xf6\x92\xde\x0fn\xd9\x95\x1b\xf8\x89h\xc5\xdd\x7f\
\x1e_\x85\x95N\xffm\xfd:\xfc\xee\xd6\xcdx\xc7\x91\
cx\xdf\x89\xc71\xa6i\xb1\xbe\x01\xde\x8b\xb1\x9a\x1e\
\x02}1*\xad\xef<\x856\x15UnF_\x0b\xd1\
\xd7\x0c\xa0CQ\x13N\xed\xb6nK\x01l\x05\x1f\xd5\
[\x811\xda`\x0a\xc3\xca\xab\xb8\xaa\x1f\x14]\xc3\x98\
\xba\x13\x80\xb9\x01\x94\x1d\xa6\xe4y_\xb7\xc3\xb9Ss\
\xf4\xd1\xde\xbbe\xa7oU_\x1eD\xcfi\x05\xd9X\
\xc1D-\xb0\xb6T\xc2{.\xdf\x89u\xe5\x12\xdez\
\xe81\xb94\xb95\x13\xa2d\x06\xe1\x0e \x22\xcf\xd3\
\xa6\xed\x85\xafEtG\xcd\xf3\xd3\xebK\x0d\xfeX\x85\
Uy3\xbc\x07\x9f?i\xf8([\xb5\x92\x12\xd9\x9e\
\x8bL\x1a!\x03\xb9\x02;\xe8\xfe\xfe\xfa\xcd\xb8\xd9Y\
\xcf\x9f\x17\xf8\xed\x1a\xd8\xce?\x05\xb9\xdb\x98\x0b\xbcq\
\xfbV\xdcua\x1a_9{\x0e\xe3\x0e\x13\x08\x7f\x1b\
\x0f\x04S\x82_x\x1a9I\xb5\x17\x19\xc0\x9fM\x13\
\x88H\x9c\x03'\xe0\xfd\x05~Wfw\xaa\xe7\xa8\xd8\
@\x96j%'ju\x1e\x9f\xe4\xf7h(\xd2\xd1\xc7\
\xc2\xd6\xd2\x10~q\xcd\x86\x96\xa7^A\xbd!\xea\xc0\
\xee\xc4\xc6\xff\xdc\xbeE\xb6\xb5\xa5\xecFa\xf0#-\
\xf8\xe3\xa4{\xcen\xbeIi;T\xb0\x17+\x22P\
\xb7\xe0\xcf\x5cL(\xbf\xaf:\xbd\x02\xbf\xa4@d|\
\xe7\x90f&\x16,K\xaa\xfd4&\xa5\x0eR\xc0\xbf\
\xb7\xe4\x86H\xbfa|\x0c\x97\x0dWQ3\xed\xa0(\
\x91\x12Z\xf1=E\x02\xa0\xd5\xd2=\xac%\xa8\xd3\xa6\
\x00t\xeb\xd1\x11B,\xc7\xb9\xff\x1e\xad\x06\xec\x0f\xf0\
\xa7x\x98\x22AJ\xf0\x07\xae\xb4r\x06\xf49R?\
\xb7\x96\x87\xe4\xe5\xec\x1bi\x15\x94\x95\x5c\x9bK\x99s\
l\x1e\x1ar\x82\xa9\xb2\x81s\xf3\x85\x17\xfcJ\xcd\xa0\
}\x96\x97K\xf0\xa2\xaf\x05\xe8?\xf0'\xa7\xf0\xab\xfd\
\x0c\x96\xd5\xc4\xe8\xf0\x16\x19\xf7PX4\x07\xdf^\x83\
_H\xfb>\xa2 w\x8e\x00\xb4\x88\xcc\xbbtn\xbe\
\xbe\xdb\x91*\xc6\x00-\x07\x1eT\xf0\x07\x93\x92\x8ao\
Z\x0dlXs=tm\xd4\xf6H\xf48\x02\xd1_\
\xf2\xc8\xa3x\xfdl)8\xec\x0a$\xbb\xcdi\xbf\x02\
\x0b'juip\xb5WDz\xfaG\xbf\xb8\xf9\x22\
Y\x13\x08\x0f\x0b\xbc\xe7\xf9\x0e\x04\x16\xad\x7fF\x82?\
\xdb\xe8aI\xc1o\x9f[\xd0x\x19\xeb\xd7^/]\
\x92[\xdeqN:R\xff\xab\x9c\xe3\xee\xb9\x19\xe9\xb1\
'\xb7qJ|ZA\xdd\x90\xeb\x00t\xf7\xf4\x0c\x1e\
\x99_@\x85k-\x89\xdawn\xbe\xa2\xc3\xb4=\x00\
\xff\xa21\x80X\xf0c\x80\xc0/\x9d\x00\x1b\x18\xaen\
\xc2\xea\xf1=0\xcd\x9a\xdc\x08%\x98\x97Bs\x1dm\
,\xe0#\xe7N\xc9\x06\x96Qz\x0a\xea\x09\xb9\xbb!\
\x91\xb6\xf5gG\x8eK\x97`\xda\x87*\xe2\xf3\xa5\x02\
\xbf\x8fR\x18\xfd\xd2\x02:\xa4\xda\x07.\xc6\xa6\xed\xd1\
0@\x1f,\xf0G4V\xea\xf2\xba\x03?\xadU \
\xd0\xaf\x9d\xb8\x12\xd5\xf2zX\xd6\xa9\xb6\x06\xe3\x19\x06\
\xd0\xd6\xe8c\x9a\x8e\xbf\x9a<\x89\xa7TGq\xf3h\
\xbe\xbe\x00\xf4\x9c\xc2\x11\xc8n\x07jS\x9a\x05x\xc7\
\x91\xa3\xf8\xf2\x99sX\xa5k\xfe%\xd1\xde\xee\x16\x02\
\x91P~\xf3\xee\x8c~\xd1\xe0\x0f\x03\x5c$h\x06\xea\
\xb4y\xaa\x94=c\x00\xea:\x0e.\xf8[\xfcZ\x08\
lX{#85\x9d\xa5\xae\x1d\x1d\xbbz\xc1o\x1c\
;\x88\x0fm\xbb\x0cO\x1f\xe9\xde\x15\xd8\xa5\xc2\x11\xa8\
Mg\x9bM\xfc\xc9\xe1c\xf8\xebc\x8fcB\x8b\x01\
\x7f\xe8K\x06\x8e\xfb\xc4\xcdW]_\xc5\x93hx9\
\x08\x1a\xc0\xe0\x83\xdf\xfb\xa1(\xcc\xf9\x18\xd6\xad~*\
,\xa3\x01\xcd\xd0\xd0`\xb4\x1b\x8f?\xa9T\x0a\x04P\
\x06\x93q\xfa\x7f\xe5\xe8\xa3\xf8\xf0\xb6\xcbpS\x97L\
\xc0UuiO\xc0\xef\xcf\xcdJ?\x83\xe0vai\
\xcbQ\x9ft\x9b7\xba\xb0N\x86k\xee\xfb\xaa\x047\
-\x06\xbagjZ.\x06z\x94\x16\x03\xe9\x14n\xde\
J\x09\xe8\x00\xeaD\xff\xba\xf9\xfa\xc6\xfd2\xaf\xadj\
\xb2F\xdd\xb3\xae\xba\x9f\xf6\x06\x5cVj\xbf\xf0\xa9\xff\
\x86\xb1\x80\xd5\x13\xbb16v)D\xbd\x81RC\xc3\
<3<\x1a\x9a\x9fW[\x8e=\xa0&,\xfc\xf2c\
\x8f\xe2\xffl\xef^\x13p\xd5\xde\xff{\xf64>~\
f\x12\xebu7\x10H/\xa2\xfa\xf8\xbff\xf4\xf2^\
'\xb6@\xc4\xf2\xde0\xb0\xfc\xeb&\x5c\x86\xa9\xca\xdb\
j\xd3\xc0}\xcb\xb2c\x01\x0ck\x9a\xdc\x9d\xd8\xf4\x84\
\x91K\x0b~\xe1\x7fu\x1f\xc51\x92$\xf0g\xd3\x04\
R\x82\xdf[\x16\xc5~\x98\x9bs\x18\xc0\x14\xfa\x86\x01\
\xa8\xa16\xf8\xe0\xb7\x89\xa6\xff\xeaX\xb7\xfai\xd0\xcb\
c0\xe6\xa6\xa1/h\x10\x5c\x80Q@\x0d\xa6V=\
\xa9\x93V\xe02\x81G\xf0\xe1\xed\x97w\xcc\x04\x5c\xb0\
\x90\xe4\xff\xf0\x8e\xcb1\xca5\xc9\x04\xd6\xe9:\x0cg\
\x07fo\xa0R\x1f&\xdd\xc0\x1f\xeez}\x11\x91\xd6\
\x17\xe8\xc3\xb3\xa2\xd2\x05\xbf\x7f\x03\xe2Vb\xbb\xb3\xb2\
\xe8\xb4\xad\xf3\xf8\xad\xc3\xbc\xcc\xd4N\xcb\x94i\xdd\xbd\
f\xa9\x1d]\xf0\x07\x19E*\xf0\x8bp\xfa\xeci\xa3\
\x19j\xf84e\xda\xa8\x18\x89\xd2\xeb\xc9\x04\x9f\xba`\
\xef\xc4\xda\x1d\xfe\xf3c\x00\x91R_}3u\x89\xca\
\xac\x8b\x0e~\xfb\x1a\xc5\x1c\xd8\xb0\xe6F\x19\xa7\x90\x9b\
\x0c\xd5)\xdd\x8e~\x13\x00N\xb0l\xd2\x11lM\xc0\
\xc4/\x1fy\x18\x1f\xbe\xf4\x8a\xae\x99\x00\xd1_n\xdf\
)\xcb\xf8\xf8\xd9\xd3X\x1f\x0c\x09f\x07Xn\x93<\
w\x90\xe8\x88\x5c\x9fT\x13\x81\xfa\xbb\x17Z\xe7\x8a\xb4\
\xee\xa5@f_Zoc\xa4Y\xaf\x1f\x92\xfci\xb5\
\x8a@\x9d\x94iE\x06\xe9.\xa2\xcb\xf5\xa5\x15\x19\xa4\
{\x84@K\xd4\x04<'\x5c\x03h\xb7\xed\xf3\xe7a\
\x91\xaby\x97\x1c \x97i\xc0\xe5\x0f~\xdb\xfb\xafZ\
Y\x8f5\x13W\xc9\x18\x85\xb4\xe2d\xe4L\xd9\x9f+\
\xb2\xb7\xb45\x01\xda\xfc\xf3\x97\x1e{\x18w\xcd\xcdH\
\xf0{W\xad\xa5%/\xcb\xf8\xebKw\xe1\xa5k7\
\xe0\xacaHkx\x14\xe5\x22}\x94\xe5&\xa4\x8d\x00\
\xbb\xea<TjRZ\xe7b\x123H\x0b\xfe6\xa5\
3\xfa\xf5\xc4\xcd7.-\x9dp\x0e>=\x0d~\xe1\
\x1c@\xcb\xe2\xbb\xd4\x00x\xcf\xc0\xef\x08\x9b\xc5\x05\x7f\
\xf2C[)\x94I\xd5y\xa5\xf7\x9fY\xc3\xaa\xf1=\
\x18\xae\x5c\x0c\xc3\x98\x87V\xaabt\xb2\x02\x18V[\
\x0bH\x90>\xa6\xa3\x09\xd0\x9e\x00\xbft\xe4a\xdc5\
\x9b\x0f\x13\xf8\xab\xed\xbb\xf0\xbc\x89U\x986\x0d\xb9\x85\
x\xac\xf4\xc9<\x0e\xcd\x10\xa176ot\x1b\xf9\xcf\
\xc3(NL\xab\xca\x16\xcb\x0cr6\xfa!G\xa3_\
\x9c\xf0\xa4\xc4\xa5\x12\xb4'\x9f\x00\x9b\x9d\xb1\xb5\x81~\
\xd0\x00\xda$r\xc9\xdf9\xf8S\xa6\xc8\xfc\x00Zb\
jJ\xf7_Nq\x0b\xf5U83\x7f\x00\xf7}\xe5\
\xf5`\x17\x16 t{\xd5_\xb0\x14/\xf8\xdds\xa9\
\x098L\xe0\x17s`\x02d\xf7\xa6\xa1\xe0\xbb\xb7\xef\
\xc0*M\xb7\x17\xc2x\xeb\x10\x94(1o\x1dJ\x9b\
\x15\xd0\x11\xe5\xcan\x9dA\x13P\xb6a(\xad\xa7\xbd\
\x97\xa9\x9b\xaf\xf0\xdf\xb6\xafh\x1aJG\x0e\x815\x9b\
\x10\xf4\xe1\xfbr5\xe0\x92H\xfe\x94):y\x80\xb0\
\xe4V\xe7\xebW_/\xa3\x11\x1dy\xfc\xf3\xf8\xfa\xf7\
\x7f\x19g\x1e\xfd:\xc4\xa1\xc7\xc1J\xa5\xd0\x98\xba\x9d\
7\xf0^\xcejA\xd2\x04\x1a\xa2{&@\x12\x9f\xf2\
m)\x0f\xe1\xa7V\xaf\xc1\x8c\xe9\x19\x0ad\x01tF\
\xf0/\xd9\x16^\xdd\x82\x7f@\xdc|\x85\xaa+\x90\xd7\
i\xb3\x09\xfd\x91\x87 4\xde\xbd\xbc\xcd}s\xd0\x00\
\x1fX\x0e\xe0\x97\xd3\x7ff\x0d\x13c\xbb\xa4\xfb\xef=\
?z'\xbes\xdf\xeba\x8a\x06t\xb3\x8c\xe6\xf7\xee\
\x03t\x8aE\xe7\xef=q\xa5\xba\x9a\x80;\x1cx\xa5\
d\x02\xd3\x1d3\x01\xb7\xccg\x8dMxL\xef\xe1\xce\
\xeb;\x0d\x9e\xc7\xd48iX\x90\x08\xe8\x98:G\x81\
?Xv\xbc\x86\xb1\xbc\xdc|\x85\xaa\x12tQ\xd7\xa1\
\x9d\x99D\xe9\xc8a\xa0T\x06\xa3\xb9\xd0\xa5\xb6\x01\xd8\
o\xe3\x8d\x8d\x975oD\xc3\x8b>\x90\xfc\xadT\xa6\
\x1c\xfb\xdf\xf5\xc37\xe0G\x8f\xbeW:\x031\xc1!\
J\x1a\x8c\xbb\xfe\x03\xd6\xf4\xacT\xcd\xb2J\x9f\x96&\
`Yx\xe5\xe1\x87\xf1\x9d.\x98\x00\xc1\xfe\xa2rY\
\xfa\x08\x88\x1c\xa5OfI\x15\x03\xe8\x10\xc0\xb3\xa4\xf5\
\x5c\x8c\xd6\x0c\xc2\x15\x8b\x93\xee\xfd\xe8\xe6\x1b\xf9\xe9\xa5\
g\xd9\x10\x86\x1f}\x08\xa5\xe9\x0b\xb0\xb4|&\xf0\xf2\
\xd1\x00\xba\x90\xfa\xca\xec\xa9\xca[$\xf0K\xf5\x7f\x04\
\xa7\xce\xde\x85\x13O\xfe\x0b*C\xeb\xec-\xcb,\x13\
\xac:\x04\xf3\xd0Q\x18?|\x10\xacZ\x91\x0e\x1aY\
\xa5\x8f\x09\xab\xad\x09\x1c~\xa4+&@\xa1\xc8\xec5\
\x02\x1e\xee\x99U\x13\x88yl\xb6-\xbc\xe2\x01\xed\xfd\
\xfa\xa9\xd2\xc6\x81\xdfWG\xc5q\x04\xf8E\x9f\xb9\xf9\
\xc6~r\x1a\xd6\x99\x06\xc6\xef\xbb\xd7\xdeL\x05\xfd\x14\
\x12l\xa0\xc0\x9fJ\xb5P\xe4a\xd0\xf5ag\x09\xb0\
?Dx\xf3\x9f\xbf!\x9b\xb2=\xff\x9d,}\x225\
\x81C\x8f\xe0;3\xd9\x98\x80\x9b\xea\xc1\xf9y4[\
\x1bd\x04\x9e\xa9xn\xaeF\xbf\xa4\xb4\x11\x80V\xbe\
KR\xdaX@\xab8Q<\xf8\xfb\xc5\xcd7\x92\xa4\
\xf4/c\xe8\xd8Q\x0c\x1f|\x14\xd6\x90-l\xf2\xa0\
%\x88W\xb1\xd4\xe0\xef\x9cH\xf2\xfb\xc8\xb4\xc0\x86\xab\
0\xfe\xfdn\x98\x87\x8e\x00\xd5\xa1\xd6\x87I\x92>\xad\
\x13\x11\xb4\x09Xx\xc5\xa1\xb6&\x90\xb4\x94\xd8fM\
\xf6\xdf\xffw\xee,\x86x;\xfe@\xc7\xf3\xcd\x0a@\
'J\xf7,i#\xce\x95R\xd7\x93@d\x00\x7f\xa4\
\xc4\xce\xc0\x98\xb1\xa4\x16\xff6\xc9m\xea\xf4\x12V\xdd\
\xf5\xef\xe0\xb5\x05\xe9\x0b\x90\x17-2\x03\x18\x5c\xf0G\
\x06c\xd0u\x88\xa9\x194>\xfbe\xb0r\xd9?\x0c\
@\xb2\xf4Qj\x02\xc2\xc2+\x0e\xdaL\x80\xc6\xf4\xfe\
M?\xfd\xe56)@\x09\xad\x0d\x98<\x8d\xbbgg\
0\xaaiv\x80\x8c$\xe9\x93\x1a\xfc]\x1a\xfd\x92\xd2\
F\x94\x1d\xec)\xa9\xd2vc\xf4\x13Qi\xd5\xe0\x0f\
I\xf7\x1e9Z\xc9\xd9\xa5\xf2\x10\xf4\x13\xc70v\xef\
\xdd\xb0*\xd5\xdc\xa4\xff\x223\x80v\x13-\x1b\xf0\x13\
\x99&\xd8\xc80\x9a_\xfe:\xcc\x07\x1f\x05\xaa\x9e\x0f\
$\xe2\xc1\x1f\xacbP\x13x\xf9\xc1G\xf0\xcd\xe9)\
\xc9\x04\xe4\x8edBHf@?:\xa6k\xb4\xf3\xd0\
7\xa6\xa6\xf0GG\x1f\x93\xfb\xe4I\x1b@\x22\xa0\xa3\
\xdf'\x93\x810\x01\xd0!i\x99\x946I\xba\xc7\xa6\
\x15\x19\xa4\xbbb\xdc\x0fUZ\x91A\xbaG\x08\xb7\x8c\
\x8eV!r\x9c\x7f\x86\xbf\xf4O\xe033\xb6\xf7_\
\x8e\xb4H\x0c \xac\x96\x05n\xa5\xca\xdfw\xe0w\x89\
\xa6\x01g\xe7Q\xff\xf0'\x01\xdd\x99\x9fUdK\xd2\
\x0c\xc26\x01\x13\xaf8\xf80n{\xe2q\x9c3\x9a\
R\xd2\xeb\xce\x8f\x8e\xe9\xda_\x9c|\x1c\xafx\xf4!\
\xb9\x18\x88\xbaF\x08\xffY\xa5\xbb/k\x82\xa4\x8ad\
\x06\x11\x12\xdb[jRZ\xe7b\x123H\x0b\xfe\xbe\
w\xf3U\x11\x09\x92\xe1a\xe8\x0f\xfc\x10\x95o}\x03\
bd$\xb78\x00\x8b\x18\x0f\xa0\x1b\xf0g\x00\xfeR\
\x81\xdf\xb5\x05\x8c\x8d\xc0\xf8\xc6w\xd0\xfc\xca7Q\xfa\
\x89g\xc3\x9a\x9a\xb6\xa7\x06\x93\xa4O\x84\xa4\xa2\xd9\x01\
\xdaT\x946\xff|\xfb\x89\xa3\xf8\xe8\xe4)<}t\
\x1c\x97V*2\xd9\xe1Z\x0d\xdf\x9d\x99\xc6\x91ZM\
\xae\x0e\x94\x810\xb3J\xaaXfP\xb8\xf9.\xaa\x9b\
\xaf\x8a8\x07k40\xfa\xc9\xbf\x97+\x00\xed\xad\xb0\
\xbb\xeb\xd3\x8b\xc8\x00\x22T\xa2\xd8\x8byI\xfdt\xf9\
c\xcb\xce\xda\xd0\xa4\x92\x97\xcbh\xbc\xef#\xd0\xae\xd9\
\x03\xac]\x0d\xd4\x1b\xd2{+\xb5\xea\x198&@\x93\
\x9aO\xc1.&\x9bM|\xfa\xccd\xcb(H\x1a\x00\
\xb9\x14\xd3F\xa1\xee\x98?\xae\xdcDI\x15H\x1cg\
\xa0\x1e\x187\xdf\xe0y\x04\xb3\xed7\xa3\x9f$\x92\xf4\
\xe3\x13\xa8~\xf2\xefQz\xe8A\x88\x89\x89\x5c\xc7\xfe\
=\x1e\x02\x0c.\xf8\xe9Cu\x14}\x95\xf2\x0c\x95`\
\x9d:\x8d\xfa\x9f\xff\x0d\x98\xb4\xd4:\xeb\xef\xdd:\xa5\
R'\xfdi\xa56 \x04J`\x98\xd0u\xac+\x95\
\xe4\x8f\xfc\xfeK\xceT\xa1\x9b.X\x1d\xffs\xd2\x82\
\x1f\xcb\xc7\xcd7am\xbf\xc8\x02~\xd1aZ\x15\xf8\
E\x0a\xf0\x8f\x8e\xa1\xf4\xfd{0\xfc\x85\xcf\xc2\xea\x81\
\xea\xbf(6\x80A\x04\x7fWD\x06\xc1\xb11\x18\xdf\
\xfc.\x1a\xef\xff\x180>\xe6p\xed\xeeW\x98Y^\
#\xa0%BQ\x80\xfc\xef\x11\xcc\x1e\xfd^\x89\x06\xc2\
$@G\x95\xabJ\x1b!\x9a\xe35\x8c\x15\xe0\xe6\xeb\
%\xea/\xd5*\xf8\x13\x8fc\xfc\x03\xef\x95Z?\xad\
F\x0d\x93\x8a\xed\xf7\xc5j\xc0\x88\xc6\x16\xcb\x1c\xfc\xee\
\xb3\x89\x09L\x8c\xa1\xf9\xd1\xcf\xc0\xf8\xf4\x17\xc0V\xaf\
\x02\x0c\x19\xb9\xafs\xe9\x93!-\xba\x90>\xe9\xdd|\
\x93\xa4}<\xf8\xa3\x99\xc1\x0au\xf3\xf5\x82\xbf\x5c\x06\
\x9b\x9b\xc3\xc4\xed\xff\x0b\xfc\xfc9\x88\xd2P\xfc\x87\xe8\
\x1f\x06\x10\xc1\x11\x95\x17\xe2\xf3\x0f,\xf8\xbd\x83\xf7\xe1\
*\xea\xb7}\x00\xcd\x7f\xfa*@L\xc0U\xe1D\x8e\
\xd2'\xf384\xfa<\x9b\x9bo\x0aO?o\xa9\xa9\
\x18\xc7\x0av\xf3%\xa2\xfeA\xe0o40\xfe\x17\xef\
\x86~\xf8\x10\xc4\xf0\x88m\xfc\xeb!\xf1\xc1\x07\xbf\xe8\
/\xf0\xcb\xea\x08\x08R\xdbJ%4\xdey;\x8c\xcf\
\xfd\xb3\xad\x09\x98V8\x14W o2\xa0\xc5\x80\xb8\
\xf9\x86)\x0e\xfc\xc1\x87G\x03<\x5cx\x1c\xf8\x83\x09\
\xd5\xaf\x22\x02\x05\xa5\xd5\x04<\xa7\xa1\xf3\x98\x06U\x81\
\xbfZ\x05[X\xc0\xf8\x9f\xbf\x0b\xe5\x03\xf7C\x8c\x8e\
\xf6l\xdc\x9f\x1b\x03(\x97\x17hU\x8c\x11\x09\xc3E\
\x01?\xfa\x0b\xfc\xad>m\x87oBIG\xe3O\xff\
\x0a\xcd\xbf\xfd\x1406j\xaf\xe3&F\xe0\xcb\x94\xd6\
@\x98R\xfa\xf4\x85\x9bo\x84\xd1/\x94\xd6\x03\xc1\x94\
\xe0\x8fd\xa0\x09\x9aA\x12\xf8\x85\xaa\x9c4i\xe3\xc0\
\x9f\xd4K\x09\xe4cc\xd0N\x9f\xc2\xaaw\xfe1\xca\
\x07~\x041:\x96\x0a\xfcB\x08C\xd3\xca\xe6\x921\
\x80\x99\xe1a\x13\x0cM{5\xb0\x13\x17\x96\xbc\xd6\xe4\
|\xe5r\x06\xbf\x82\xdd\xa9:\xba\xcb\x04\xaaCh\xbc\
\xefo\xd1x\xe7_\xda\xe0\x1f\x19\x86 \xbb\x80[\x87\
\x8c\x9a@\xa2\xf4\x89i\x9b\xfer\xf3U\xe5\x1dt7\
_\xc4\x9e\xb7\xc8\x9d\xd2\x9b\x98@\xf9?\xee\xc5\xaa\xb7\
\xbf\x19\xfa\xd1#\x11\x92\xdfj\x19\x03\x9dP\xedr\x82\
X0\xd6,\x95f\x96\x8e\x01\xac5\x8c\xa6%XM\
\x9e\xb8\xf5r\x8e\x93\x016\xc8\xe0W_R\x96j\xb3\
E\xb0\xf1Q\x18_\xf8\x0a\x1a\xaf}#\xac\x07\x1e\x06\
VM\xd8a\x9dM\xdb@\xe8-+W\xe9#:L\
\xbb(n\xbe\xca=oR\x83\xbf?\xdd|E\xe0<\
X\x11\xd1\xf2\xf0#\xe10\xfc\x89\x8fI\xb5\x9f\xcdL\
C\x90\x1by\x08\xfca\xadK\xfa|\x10C\x00jk\
\xd7\xaemb\x09\x18\x80\xac\xd2\x81\x03\x07\x1avTB\
{\x05\x1am\xc9L^\xeb\xeai\x8bP\xf6\xe5\x0f\xfe\
\xf6Cmo\xc1\x891X\x8f\x1cF\xe3w\xfe\x08\xe6\
\xfb?\x024\x0d`|\xdcNC\x1f^\xb1\xe8\xa7'\
\xd2g\x90\xdc|\x83\xd5Q2\x92\x01p\xf3\x15\x04|\
\xdb\xd0\x87\xd1Q\x94\x0e<\x80U\x7fr+F>C\
\xee\xe3\xba\x5c\xed\x17v\xf4i\x17\xe2j\xd6\xc2\xa2\xa0\
\xf4\xf6:\x10!\xc4\x94\x83\xc1Pu\x16\xc3\x13\x90\x98\
\x87\xc5\x18\xa6%\xe0M!\xa8rt\xcc#\x83\x15f\
\x00\xfer\x01\xbf71\x81|\xd8^,d|\xf8\x13\
0\xf7\x7f\x07\xdaK_\x08\xfe\xe3\xcf\x04F\xc6\x81\xf9\
\x05\x19\xf3\xcd\xd6\xf7\x02{\xdc\xaeT7_\x916m\
\xf7\xbe\x16\x22t\x1e\xa1\xf2(\x99\x81\x22\xad\x14\xd5\xa4\
\xad3`hH\x82\x5c;\xf6\x18\x86\xbf\xf4\x05T\xbe\
\xb5\xdf\xd6\xfe\xc6\xc6[\xcc?T!\x0fqr\x0b\x96\
C\x00w\x83\x079\xcc\x9evo;\x1bQ-&\x03\
\xb8\x85\x01wP\xc5O\xda\xf5\x15\xb0\x1c\x0ef{\xc1\
\xe5)\xf5\xd3\xe5\xefk\xf0\x87\xc6~\xe3\x10\xc7O\xc2\
\xf8\x93\xf7\x80}\xf6\x8b\xe0?\xfd_\xc1\x9fu#\xb0\
v\x8d\xf4\x1b@\xad.\x83\x8d\xd8\xa1_\x9c5\xfe\x9e\
`\x9f\x99$U q\xe1\xe6\xab`\xa0\xf0\x9f$3\
[\xef\xb9\xf0\x01\xde\xdeQ\x89\x0c\xc0%\x19\xc6\x0bF\
SN\xebU\xbe\xf15T\xee\xfa6\xd8\xcc\x8c\xbd\xb0\
\x87\xb4\x01\xa5\xb1/\xdc\xab\x5cL\x99\xa4E\xd0m\xfb\
\xf4\xa4\x22J\xfc\x221\x80}\xa7\x19\xf6\xd3\xfb\xf2#\
N\x07\x15\xc4\x00\xec\x9dky\xdf\x80?wK\x7f7\
\xe0\xf7\x12}\xf8\xa12P\x19\x82x\xf8\x10\xcc\x07n\
\x87\xb5\xe5\x12\xb0g\xddh3\x82]\x97\x02\xe3\xa3v\
\x09\x0d\xc3f\x06\xee0A\x04\xc6\xc5\x9ewL\x9e\xfb\
\xf7\xa4\x0dT\xaf'n\xbe$\xb5\xa8\xf3z\x12\x88\x0c\
\x92_\xc4\x81\x92\x98\xa9\xdd\x18\xf1 \xcd\xec<\x85h\
\x86\xea\x1e\xbb\x8c\xd9\x95\xf0\x9cCP\x9c>R\xe7i\
\x11X\xb3\x09>yZZ\xf5\x87\xbe\xfb\x1d\x94\x1e:\
\x00\xb60\x0fQ\x1d\xb6\x0d}\xad\xba\x07)|Mx\
4\x00\xcb\x94\x0cF\xc8\xa16'\xec\xb5k\xb3$\x8b\
\x818\x13G\xdc\x171\x9d`\x18\x1aMu\xf9\xaa\xbf\
L\xc0\x1f\xad\x11\xa6\xcb\x1f$\x19\xbeK\x00\x14O\x90\
NOO\x02\x9f\xf8,\xcc\x7f\xfc\x22\xd8\xd6K\xc0\xf6\
^\x01\xb6w7p\xe9V\xb0\x0d\xeb\x80\x91\x11\x88R\
\xd96\x1eJm \xb0wn7\xe0O\xd2\x12\x9c\xaa\
\xa6\x01\xbf\xc4\xbd\xfc\x87@*\x80\xd99\x19Z]2\
\x83\x98f\x8a\x03\x7f0\xbd\x5c\xb3A\x864\x02\x5c*\
\xdf\x0a5\xf8E\x12\xa3p\xde\xa3u\xcf\xfb\xder\xf9\
%\xedRj\x81\xd5\x16\xe4v]\xb4i\x07\xc5\xed/\
=\xf2\x90\x94\xfatM2\x87J\xc5\x9e\xde#\xe0+\
\x17\xf5\xa8\xfb\x8a{U\xe7\x9a|\x9eI\x9e\xa6\xf6\xac\
\x1b\xed\x86\xec2\x00,>\x03\xd8\xbf\xc1n\x0f\xc6\x1e\
\xa2F`\x8ciT9\xfa0\x9a\xa69\x86\xc0\xe5\x07\
\xfe\x5c\x80\x1fL\xe2v\x08R\x19I+ F\xfa\xd8\
q\x88G\x0e\x01\x9f\xff\xb2\x9c6$oBF\xc3\x83\
5\xab\xe4\xf0AZ\x91)=1\x03\x8f\x06\xea\x9b\x81\
\xf5\x818\xbc\x87!\x8b[\xd9\xe8I\x1b)\xfd=\x9b\
\x7f:\xdb\x82z\x92\xd9A,\xc5\x9a50\x9f\xfb_\
\xe4\x0e\x06\xa2^WGO\x0e<\xdbwO\xa5)\x10\
\xe0K%\x94\xf6\xef\x07?vL\xaa\xd2\xf4\xbd\x9d\xbd\
G\xa5\x85\x5c\xf9\xfe\x9e\xfb\xad\xb4\xf0>\xdbN\xd7\xca\
\x1eh/\xef)\xbd\x1b\xeau\xb0\xd99\xf0\xe9\x0b\xd2\
m\x97\xc0\xce\xe7f\x80FS\xee\xda#\xa8^$\xed\
\x89\x22\x81\x1f\xd9\x12me\x83\xe2?hv\xe8y\xc2\
\x98\xdc\x1aU\x0e7\xf0`l\x01\xbd\xd5\x00\xee\x90\x0f\
\xe5\xa6q\xd0b\xda,cl\xd4\xb2,\x1a\x060\xaa\
,\x19\x02iV \x8e\x0a\xf0\x07\xdb\xc1\x9e-\x90D\
\x8c\x80b\x0c\xd2M\xea8\x93g \x9e8e[\x92\
]\xe3\x92\x9b1(\x8dUm\x1c\xa0 \xf8C\xb2\xd9\
s\xeah\xbb\x09\xe5F<I\x08\xf0\xef\xdf\x87\xe6o\
\xfe:\xb0j\x95\xad\x0dPg\x0edQi\xd9\x91\xc3\
\x04\x92\xbaCC\x12\xfc\x95\x0f\x7f\x18\x82\x18b\x82\xe3\
LlO\x14\x11w\xbd2L\xc5-\xa5FC\xea?\
\xb3\xdf\x89~4\xe6/W\xdb\xeaC\xe2\x12\xdex\xf0\
\xd3\x01\xa9\xff\x84)\xd2\xb0\x09c\x8c1f\x09kV\
\xc7\xc2\xa14\xaf\xd7\xab!\x80\xdc\x8f\xfa\xe8\xd1\x03\xa7\
\xb7\x5cz\xf5!\xc6\xf8\xb5\x96e\x0a\xc34\xd9P\xb9\
lWX\xaa+,#\xf8\xbb\x93\xdc\x03%\xf9C\xa7\
\x01\x9d\x9c\xa2\x81\xb8$\x0dJ\xe50\x22c\xb8h\xfa\
\x96H?\xb6I\xe8\xae\xca[\xda\xb7\xbf\x03v\xfc8\
\x1a\xaf\xfd-XW_\x05LO{\x860a\xd5_\
Yr\xe0;\xd0\xd6X\xc6\xf57\xc0\xfa\xe2\x17eD\
\xa6l\xf5\x8d~^Z\xb2\x19\x98w\x5c\xe40d)\
\xf4\xd2\xfa\xe6$\xb7\xa6\xabQ\x13\x13h\xd6\xeb\x92\x01\
p\xae1!\xcc\x83\x93\x93\x93\xa7[;\xc4-\x8d\x0d\
`\x9f\x06\xec7 \xc4=Lc\xd7\x0aSXF\xb3\
\xc9+\xb4A\x85\xa6\xc1\x9d\xa0\x0cR\x01\xfe@;(\
\xce\xc2\x8d\xe6\x0eH\x93\x1b2{\xb7\x16=\x03\xbf\xfc\
3>\x06\xf6\xc4\x93\x18\xba\xf5\xadh\xfe\xf2/\xa1\xf9\
\x93\xcf\x07\xa3)O\x1a2\xba3FY\xdc|\xc9\xc8\
\xdch\xc0\xdc|\x09\xac\xf5\xeb\xc0\x9fx\xc2f\x8eY\
\x01-\xba\x11\x16\x8a\xbc\x99\x8aK\xd1\x9a\xceII\xd7\
\xa5 m\x1a\x045AS\xef\x9cY\xe2{\x0e\xf0\x09\
\xc3\x9eX\xf5\x8b\xb9\x18h\x9f[\x0a\xfb\xb6\x1c72\
\xc1\xa8\x92d\x0a,\x91\xc4\x1a\x18\xf0{8\xf9RK\
\xfe\xb4\x94\x0b\xf8\xbd\x12,\xe5\xe3\xd2>\xcd{\x8b\xd4\
s'\x94Y\xf9\xbd\xefC\xf9\xf6\xf7\xda\xe3x\xba\xe6\
\x99\x03\xcf\xe4\xe6K\xccc|\x1c\xe6e\x97Km\xa0\
5E\x1a~\xb3\x1eH\x7f\xa1\xba\x98\xa9\x84\xc4\xab>\
\xe5\xaf$\x87\xd3\x86\xd1\xa4\xd7dN$\x88o#\x07\
\xea\x8e\x01\xec\xdfo\xab\x1e\xdc\xfa\x96e\x99\x0d\xc68\
\x19\x02\x85eZr\x13MR]\x06\x03\xfcX\xa1\xe0\
G\xef\xc1\xef\x12\x8d\x85\xc9\x1aN^p_\xfa\x12\x86\
n\xbd\x15\xec\xe4I\x881{\xe1K\xdc\xb8\xdf\x07\xfe\
\x80f`^ye\x0a\xfbD\xb0~\x9d\xf5\x17\xb1\x18\
\xe0\x0fp.\xc2\x10a\xc9\xb4\x0c\x18\x86A\xe3\x7fM\
X\x16M\x0c\x7f\xcbIb-\xe5r`i\x078~\
\xf0\x81\xc3B\x88\xfb\xc9Y\xc1\xb2L\xabIs\xa0\x9c\
K\xce\xe5\x82\xb3\x00\xbfM~I\xb6B\xc0\x1fp\x87\
%\xa3\x1d\x7f\xf8\x11T\xde\xf8Fh\xff\xfem;\xde\
]k\xfc\x1c\xf5\x8a\x01\xf0\x93\xc4\xaf7a\x5cvy\
\xdb\x9b\xae\xc7\xe0\xc7b\x80\xdf{\x9dB\xc1\x95J\xd0\
h\xfc\xdfl\xd0\xf8\xdf\xa2\xcdj\x85\xc0\x0f\xa7'\x8f\
\x1f\xeev\xfc\x9fS<\x00\xb2\x03\xd0l \xfb\xb2\xed\
\xaa\x08\xd1h\xda\xa3\xff21\x80\x95\x0a\xfe\xe8QE\
\xe7\xef=\xc8\xe0\x0f\xaa\xef4\xb59\xbf\x80\xa1w\xbf\
\x1b\xa5\x8f~\xd4\x1e\xc3\xd3&+\x81\xc0)-\xe0\x85\
\xcaf@\xb3\x01s\xe3F\x98[\xb7J\x9b@\xcb\x9e\
0 \xe0\x17\xb1\xd8\xb0\x89\x0c\xea\xa4u4hj\x11\
B\x86\x99`\x10_vrD[?\x17\x8f\x01\xd8\xc3\
\x00n\x99\x9f\xa59@\xce\xb9\xd6l\x1a0L\x13%\
i\x0c$G\x8d\x15\x08\xfe\xc8K\x1dJ\xfd\xe5\x02~\
\xf7\x94\xa6;\xc9\x89\xa7RA\xf9\xe3\x9f\xc0\xd0\xbb\xde\
\x05\xb8.\xb2\xe4\x0a\xad\x00\x7fhX@}\xa0R\x81\
\xb1{\x8f\xed)\x19\xe5\xd9\xa02\xa0\xf6\x01\xf8[\x14\
Q\xbc\xaek(\x95K\xa4\xfa\x83\xb4j\x1ab\xd3L\
;\x07\xff\xac\x93\xcc\xea\x87\x88@\xcet\xe0\x83?\xb0\
\x84\xf8\x01c\x9c\x99\xa6i5\x1a\x0di\xb9,;N\
\x1a~Z\x82\xa8\xbd\x83\x0c~\xe4\x08~\xd1\x07\xe0o\
]v|\xe7'&\xa0\xdf}7\xaaoz\x13\xb4\x07\
\x0e\xc8\xf3\x96\x9bo\xacM\x80\xec\xdf&\x8c={\xed\
iR\xf2\x0fP=\xa3C\x12\xaaZ\x8b\xde\x83\xdf\xbe\
.\xa4\xf4\xa7\xf0\xef\x84%\x1aZ\xd3\xfc\xbf\x80\xf5\x83\
\xc9\xc9\xa3?\xccC\xfd\xcf1$\x98\x1c\x06X\x8c\x89\
\x8f\xcay\x7f\x06\xab^\xafK\xd7Ez\x89\xf6\xea\xc0\
\x0e\xc7\xbd\xbd\x9c\xe3_i\xe0\xcf\xf2\xc8\xd6\x95\x88\x8c\
\xa9>g\xa4\x0cm\x93\x5c\x157\x06vz\x12\xd5?\
\xfec\x94\xbe\xf0\x05\x88\xd1\x11\xdb\xc1\xc6\xb7\xe5z \
\x1f\xf55\x9a\x0e\xdc~)\xacu\xeb\x9c\xc5S\xac\xb7\
\xe0OM\xa2s\xf0CH\xcc\x0c\x0d\x0d\xc9=\x1f\xea\
\x0d\x1aR3\x19\x15\x84\x03\x1fu\x80\xdf\xb5\xfa\x9f#\
\x03\xb0\x87\x01\xcc0?eZ\xe6,c\x1a\x0d\x03\xa4\
-\x80,\x98\xb6\x16`\xf5\xad\x83Or\xc9b\xd9\x83\
?EwM}+\x98(URR\xfbi\xc9,m\
x\xf2\xbf\xdf\x8f\xea\xed\xb7\xcbaBk\xaa0\xf8X\
y@\xdb\xb37a\xad^\x05s\xc7N\xb0F\xdd\xb3\
br\xa9\xc1\x8f\x0e\xc1o\xf7u\xc2\x0ca\x87\xa4\xbf\
a4\x85\xad\xfe[\xb3\xb0\xd8\xa7\x9cdV?E\x05\
\xb6\x80[\xb4c\xc7\x1ez\x02B|\x863\xce\x84\x10\
f\xadV\xb7\x87iCC)\x82\x84,/\xef\xbeA\
\x03\x7f\xda\xab=\x01\xbf\x08L\x15\x8e\x8d\xa2\xf4\xd5\xaf\
`\xf8-\xb7\x82\x9f8a[\xf9\x9d\xd0\xea\xde\xf4\xad\
-Q\xb8\x86\xe6\xde+=\x11\xa9\x06\x17\xfc \xe7b\
\xc6P%\xc6'\x04j\xb5\x1a\xf5\x7f\x93q\x89\xa0;\
\xce\x9c9\xf6\x84#\xfd\xfb\x8a\x01\xd0\xda\x00\xf9\xaf%\
\xc4_:\xc6@N\x86\x8b\xa6\xd1@\xa9\xa4\xdb\xd6\xcc\
\x0e>\xcc \x82?S\xfe\xc8\xf2\xc4@\x83?\xf5`\
/\x98\x884E\x9a*\x1c\x9f\x80v\xe8\x10F\xde\xfc\
G(}\xeb\x9b\xb0\xc6'\xec\xfb\x8eo};\x1b\x97\
Ko\xcd+v\xdba\xb4\xbb\x88\xa4+\xfa\x00\xfc\xd4\
\xdfI\xf5\xa7\xe9\xbfF\xb3\x89\xbam\xfc\xe3\xc2\x12\x96\
!\x8c\xdb\x913\xe5\xb91\x88\x09\xbc\x85\x9f<z\xe0\
>!\xc4\x179\xd7\xb8\x10\x96Y\xab-\xc8\x05\x13\x95\
j%\xb3\x16\xb0\xb2\xc1\xef\xbf<h\xe0OE\x22\xe6\
\x02\xd9\x05(F^\xbd\x8e\xe1\xf7\xfc9*\x1f\xfd\x88\
\x5c\x01H\xcb\xa1\xed\xa9B\xe1\xb7\x03l\xda\x04\xf3\xe2\
M\xf28\xe8\x15\x98\xbe\xd6\x22\xa1~\x99^&3\xf8\
\x89\xb8G\xfa/\xd4j\xc4\x10M\xc69'LMM\
\x9e\xbc\xcf\xc1ln\xf1\xc2s\xde\x19\xe8\x80\xbdL\xc5\
\xc2\xdb\x84\xb0\xad\x964\x7f\xd9h\xd4Q\xd2K\xf2\xc5\
\xd2\x82\xbap\xedu\xda!S\xfb\x8b\xe5\x01~\x97H\
\xda\xd3\x0a\xbbJ\x15C\x9f\xfe\x14F\xde\xf5\x0e\xb0\xa9\
)\xdb@(]\x88\x9d\x5cd(\x1c\x1e\x81q\xc5\x15\
\x8e[0\xefk\xd7\xdeH\xddC\x08T\xaaU)\xfd\
\xc9\xf0g\xcf\xa4\xd1\xb2Za1M\xbc\xcdI\xdc\xf9\
X\xba\xf7\x0c\xe0\x0e\x93l\x01\xc7\x8f\xff\xe8{\xc2\x12\
\x9f\xb5\xb5\x00a.,\xc8q\x0c\xaa\xd5jk]s\
\x1c\xf5\xf54\xdf\x22K\xfe\x0e\x0aY\x1e\xe0o\xdd\xb2\
\xd5b9Ux\xef\xbd\x18\xbd\xf5M\xd0\xef\xbf_\x0e\
\x11\xda\x11\x81l/B\x83\xec\x00\xd2\xfd\x5c\xf4\xadk\
\xaf\x9f\xda7\xe9\x1di\xde\x9f0B\xc7\xf3\x0b\x0b\xce\
\xd8\x9f\xd4\x7f\xeb\xb3g\x9f<N\x8b\x7f\xe8\xe5\xcc>\
\xdf\x1cT\xc6\x09`B\xb3\xde(,k\x818X\xb3\
\xd9\x14\xa4\xce\x90{\xf0\x08\x05\xb2X\x96\xe0\xcf\xae\xa8\
/\x0f\xf0G\xc2(ey\x09\xc2 8Ux\xe6\x0c\
F\xdf\xf1v\x0c}\xfes\xb6\xd3\x10\x01\x9e\x5c\x88\xc9\
+p\xc7.X\xabV\x87\xa7\x03#\xcb\x15)\xea\x97\
\xe9e\xfcWSH}/\x8d\x0c\x8fH\xb7\xdf\x85\x85\
\x05r\xfc\x91\xeb\xfe\x09C\x9c\x89?\x0c\x87\x7f\xea\xdf\
\xdd\x81iF\x80?~\xf8\xc1G\x05\xc4md\x0c\xa4\
\xcfG/E\x1eMd\xe0\xa8D\x0c\x05\xfa\x1a\xfc\xb1\
C\xc4\x0e\xeb\xbd,\xc0\x9fZA\xe8\x1c\xfc\xbe8\x8a\
C2\xf0F\xf5C\x1f\xc0\xc8\xed\xb7\xc9\xd0\xea\x16\xd9\
\x0aj5\xe9\x0b@>\x01\xb4\xbf^\x1c\x03\xe8\x15\xf8\
E\x87\xe0\x97\xdaq\xa5\x22\xb1A\x18!\xe9OoK\
\xd2\x1f\x16n\x9b\x9c<q\xb0\x9b\xc8\xbfK\xb0=\xf8\
\x1d\x16\x19\x04\x9b\xe3\xda;L\xcb<\xc8\xb9Fs\x98\
\xd6\xfc\xfc\xbc|Y\xd2\x02h\x8e\xb3\xb5Ph%z\
\xf7\xad4\xf0g|@\xe4]w\x16`l\x0c\xe5\x7f\
\xfb\x1aF\xdf\xfafh\xc7\x8f\xc9U\x86\x82ih\xee\
\xd9\x13;\x13\xd0K\xf0\xa3C\xf0\x13\x16\x86)\xde\xa3\
\x10\x98\x9b\x9f\x97\x8b~\xc8\xa5\xde\xb2\xac\x83\xbaV\x7f\
G\xaf\xc0\xdfC\x06@oy\x80\x9d\xfa\xe1\x0f\xe7\xb8\
\xc9^c\x875c\x16\x196\xdc\xa1\xc0\xe8\xc8\x88g\
\xab\xa3.\x1f5h\xe0G\x8e\xe0\x17+\x08\xfc\xf2f\
;\xd4\x16\xc5\x03\xd0\x1f;\x82\xf1\xb7\xbe\x19C\xdf\xdc\
\x0fk\xb8\x8a&\xad\x0b\x88\x08\x0e\xa2\xac\xb5X:\xf0\
\x13\x91\xc7\xdf\xe8\xe8hK\xf5'\x0fZ\xc2\x8a\x13R\
\xf55\xa7N\x9d\x9a\xeb\x95\xfa/\x9f\x8f\x9eQ\xcb \
\xf8/\x96e\xfc\x15\xe7\xb4*\x08\x06i\x014\xbfI\
\x96\xce\x11\xda#/O\xc9\xef|L\xb1\x92\xc0\x9f\xe5\
\x91\xad+\x11\x19\xc5\x00\x80\xdfK\xeeTa\xa3\x81\x91\
\xdb\xff\x02#\x1f\xfc\xdf0/\xdd\x01s\xcb\x160\x0a\
@\xea\x19\x06D\x82?5\x89\xdc\xc1/\xb5\xe1\x91Q\
\xb9j\x96\xbcfI\xfa\x13F\x18\xe7\xba\x10\xd6_\x9d\
;}\xfc_za\xf8\xf3R\xaeS\x0a\x11\xe5\xf3m\
\xdb\xb6\x95\x0c6z7\xe7\xfcj\xcb4MM\xd3\xb4\
\xf1\xf11\x19>|nn\x01\xc4\x14\xb2{\x0a\xaa?\
f.\xc0_\x06\xe0\xcf_\xea\xf7\x19\xf8\xbdd\xef\x9c\
\x09~\xe1\x02\xea?\xb6O:\x06\x95\xef\xfd\x9e\x8c\xc1\
O\x8eE\xf9\x80\x1f\xf9\x83\x7fxX\x1a\xfeh\xb3\x8f\
\x0bSS\x14C\xd3t\x86\xcb\xf7\x8f\x0d\xb3\x1b\x8f\x1e\
=Jk\x80\xad^I\xff\xc5`\x00p\xc7/\x17m\
\xdd\xbbW\xe7\xfc\xbb\x00\x86-\xcbd\xe5r\x99\x8d\x8f\
\x8d\xca\x0f7;;']\x1e\xd33\x81\xc5\x05\x7f7\
p\x0dgY\x89\xe0O\xce\xd51\xf8\xbdD\x9bg\xd0\
\xf4\x19\x0d\x01\x9c\xbe\xd4\x8f\xe0\xb7\x84\xc0p\xa5\x22U\
\x7f\x9a?\x99\x9e\x9e\xa19\x7fa;\xfc\x89yf\xe0\
\xa6s\xe7\x8e\x1d\xe8\xe5\xd8\x7f\x11\x86\x00\xfeu\x02O\
\x1e;p\xc02\xcd_\x91\x01\x0d\x193\xe9\x85g\xe7\
\xa4\xca\x83\x91\x91\x11Th\x87\x9cT\x1fzP\xc1/\
\x06\x1a\xfc\xa2\xdf\xc1ODv\x81J\xb5\xaf\xc1/\x1c\
\x8b?\xf5y\x22\x12~\x12\xfc\x8c\x99\xd2\x83\xc9\x12\xbf\
\xe2\x80?7\x7f\xff\xa5f\x00\x8e=`\x9f~\xf2\xf8\
\x83\x9f6M\xebV\xb2\x07\xd0\x0b\x93\xd4\x9f\x9b#\xf5\
?-\x13\x18d\xf0\xfb/\xa7/M\xf4\x05\xf8\xd1\x03\
\xf0'\xb6C'\xf6!G\xe5\xef\x17\xd7^/IO\
?\x92\xfc\x8e\x01|n\xae\xa5\xf9\x9a`\x5c\x17\xa6u\
\xeb\xf93\xc7?\xedD\xfa\xed\xd9\xb8\x7f\xb1\x87\x00\x1e\
\xda\xa7S\x18\xf1M\xdb\xf6|P\xd3\xf4_\xb5L\xb3\
)\x84(\x0d\x0fW1\xec8\x08\xa9\x87\x03\xd1\x03\xf2\
A\x04\x7f\x07\x85,K\xf0\xc7'\xe8|\xd8\xdb/\xae\
\xbd*\xc9Oj?\x11\x19\xfc\xc8\xf6\x05\xc6\x9a\x8ci\
%a\x19\x1f:7y\xfcU\xdd\x86\xf9\xees\x06@\
\xcf\xbb\x85\x93\x9f\xc0%\xdb\xf6~\x8as\xed\x16\xcb\xb2\
\x99\x00\xb9@\xd2\xac\x00\xd1\xfc\xbc\xd70X\x80\x7f\xf1\
\xc1\x9fa\xbc\xdfG\xe0\x8f\xacu\x9e\xe0\x17\x1d\xe4u\
\x0c~-!77'\xa7\xfcl\xf0\xf3\x92\xb0\xacO\
\x9f\x9b<\xf6\x12\xcf\x98\xbfs\xee\xd7\xe7\x0c\x00\xceK\
\xd2\x0bj\x97l\xdb\xf3\x0f\x9c\xeb?\xe32\x01R\x8f\
\x88\x09\x90\x9f\x00i\x01\xb3\xb3\xb3\xf6\x9eo\xbe(/\
\xbe?\x09\x94\x1d9\xedK\x1d~\x83\x95\x04~e\xa2\
\xe5\x05~\xd1\xa5\xd4\xa7\xbeKR\x9f\xa4?\xed\x9eM\
j\xbf\x5c\xe5\xd7\x06\xff\x17\xceM\x1e{\x81\x1bZo\
1\xc6\xfdK`\x03\xf0\x91\xfb\x82\xe6\xe3G7\xbc\xd0\
\xb2\xcc;\xb8\xa6\x95\x18\x83A\xa0\x9f\x99\x99\x95[\x8a\
\x91=`bb\xdc\xe71Hm,\xfa\x15\xfc\xbe\x8a\
\x15\xe0\xcf\xfcE\x060pg\x12\xf8\xa9\xefNLL\
H\xf0S\x9f\x9e\x9e\x99q\xc1o8\xe0\xbf\xe3\xdc\xe4\
\xb1\x17z0\xb1\xa8\xe0_*\x0d \xa8\x09`\xf3\xb6\
+\xdf\xcf8\x7f\x95e\x99\xa6\x10\x82k\x9a\xc6\xc6\xc6\
F\x9c\x1dQ,\xcc\xcf\xcd\x83V\x14\xda5f\xfd\x09\
~\xe4(\xf9\xb3\x9b,\x06[\xf2/i\x04\x9f|\xc1\
\xef\x0a+\xd7\xd2O\xda,9\xbe\xcd\xce\xccP\xa4l\
R\x09(\xb6\xbf&,\xf3\x83\xe7&\x8f\xff\x9a\x93m\
\xd1%\x7f?0\x00\xf7\xf9\xf2\xe57m\xdd\xfbfM\
\xe3o\xa3\xd8\x81\x169\x0a0\xa6\xd1\x98\x89\x1a\x92\xd4\
\xa8Z\xbd.g\x0c\xe26\x1c\xb5\xa9\x00\x7f\x96\xe6X\
\xd9\xe0\x17\xc9W3\x80\x9f\x84\x15E\xbf\x22\xe7\x1eZ\
\xd8C\xcc`\xa1\xb6 \xfb\xad\x5c\xda\xcb\xb8&\xa3\xfa\
[\xd6\xad\xe7\xce\x1c{\xbbG\x08.\xda\x98\xbf\xdf\x18\
\x80[\x07\xb9bp\xd3\xb6\xdd/a\xe0\x1f\xe0\x9c\x8d\
\x99&m.\x0f\x9dB\x89UG\xec\xc5C\xd4\xc0d\
<q\xe3\x0b$\xce\x14,3\xc9\x9f\xbf\xd4o'*\
\xc0\xdf9\xf8\xdd\xbeH\x86\xeca\x8ayA;\xf9\x18\
\x06\xe6\xe6\xe7P\xaf\xcbMr\x0c\xc65]X\xd6\x8c\
\x10\xd6\xab\xcf\x9f9\xf1I\xcf<\xff\x92\x81\xbf_\x18\
\x80o\x8ap\xf3\xe6+\xae\x16\x5c\xfb;\xce\xf9S)\
\x16:yM\xd1\x92b\x9a*$#\xa1\xdc%\xb5i\
\x80B\x8dQ\xe3\xda\x8d\x9f\xa2\xf8\x02\xfc\x91\x8dR\x80\
\xbf3\xf0\xbb\xc0'iO\x9a\xaa\xbb\x15\x1e\x8d\xf3i\
\x16\xcb\xde\xca\x8b\xdc\x94eP\x8f\xff\x10\xccz\xe5\xf9\
\xd3'\xee_\xec\xa9\xbe\x01a\x00^&\xb0\xb9\x0a6\
\xfe\xa7\x82\xb3\xd7\xd2U\xcb2\xa9\xb1\xb4R\xa9\xc4\xaa\
U{\xdd4\x11\x05\x1d%F@a\xc7H; R\
\x0e\x0fb\xb5\xc4n$\x7f\xc2\xd8\xb1\xcf%\x7f\xea\xba\
\x86\x12&\xe7\x5c\xaej\xbfp\x1c\x8dH\xcaS\xe8n\
\x17\xf8D\xb4\x92o\xde\x09\xe6A\x1a-\xa7E=t\
\xc3\xb2n\xaf\x0e\x897\x9c8qb\xa1\x9f\xc0\xdf\x87\
\x0c@R\xcb\xff\xf9\xa2m{\x9e\xcf\x81?\xe7L\xdb\
k\x09\x936\x1a!\xef(mh\xa8,\xb5\x81r\xd9\
nx\x0a\xa2@\xda\x80\x1dC\xddm[fk\x06\x8b\
\x04\xfe\xec%\x15\xe0\xcf\xdeb\xf9[\xfa\xd3\x80\xdf6\
\xec\xd97h(J\xc3R\x12BtLD\xfd\x8e\xa4\
>1\x00\x19\xc8\x83q\x8dB\xf9\x09K\x1c\xb0,\xbc\
\xfe\xfc\x99\xa3\xb4\x97\x1f\x16\xc3\xb7\x7f90\x00\xaf\xc3\
\x90\xb9~\xfd\xde\xd1RU\xbc\x11\xc0k9\xd7F,\
\xcb\xa4\xa8\xe3\x16\xe7\x8c4\x82\x16#\xa0u\xd5\xa4\x05\
\xd8AH\x9bR;\xb0\x0c\xe2\xd6\xf6\x87\x93\xb1\x07\xfa\
\x02\xfc\x9e\xd4\xcbL\xf2'O4\x0c\x0e\xf8\x85[W\
F\xd2^C\xb9dopS.\x95\xc15\xee\xf4\xb5\
\x86\xf4W!+?E\xc0\xa6\xf0\xdd\x9c\xd3\xd6x\xd6\
\x9c\x10\xb8]g\x0b\xef\x9c\x9c\x9c\x9c\xed\x97\xf1\xfe \
1\x00\x97Zk\xa1i5!\x83u+g\xec\xc5\x04\
f\xfa\x00\xcel\x01/\x95tV.\x0f9\xbb\xa9\xd8\
;&Y\xa6\xd5\xdaT\x91\xfe\x1a\xa6L\xef\xe3\xe6^\
\x8a\x9dY(\x8c}\xcb\xcf\xd2OQ\xa8\x10NB\xfd\
\x80\xa6\xee(x\xad\xdc\xd5\xaa\xa4\xcb\xbf\xa4\xf2S2\
\xc34\xd0\xa87d\xd4^[\xd5\x17rZ\x8f\xd1}\
\x19\xa8D|J\x98x\x9b\xb3\xa0\x07\xbd^\xcf\xbf\xdc\
\x19\x80O\x1b\xa0\x93M[\xafx&\xc0\xfe\x801\xf6\
\xb3\xb4W\xbaEc2R\x0b\x84`\x9a\xa6\xf1\x92\xfc\
he{_u\x9d\xcb\x05V\xf4a\x08\xfc4\xb1@\
\xd3\x88\xf4s\x18\x08,\xab\x1d\x8e,r!\xd2\xc0K\
\xfe%4\xf6u\xc1\x00\x22k\xdd-\x03`\xcc\x9e\x7f\
\xe6\xf4\x97K\xc0\xb7@\xafi\xf2/\x9d\x93L\xa0>\
A\xa0'\xc33I|\x12(\xb4\xf9-\xc5\xeb$\xe0\
\xdb\x9a\xa7\xecC\x9f\x17\xc0\xbb\xcfO\x1e\xbb\xd3yJ\
\xdfJ\xfdAc\x00A\xafE\xdb>\xb0\xf9\xca\x1b\xb8\
f\xfe\x1a\x04^\xc4\xb96!9\xba\x0dj\x83\xb4\x02\
R\xc54]c\xba^\x92Z\x01\xfd\xec\x8fj\xdb\x06\
\xda\xbbH\xc50\x80\xbc%\xffJ\x03\x7f\xde\x92?\xb9\
:\xa9\xc8\xd5\xf6\x98\xb4\x139\xc7Nx:WX\x18\
\x06\xedje\xd8\xda\xa3a\xd0\xb0S\xf60\xce\xb8N\
\x82\x87\xb2Y\x965\x05\xb0\xcf\x80\x9b\xef?\xfb\xe4\x89\
{T\xfd\xb4\xdfi\x90\x18\x00T\x0d\xbci\xd3\x95[\
X\xc9|\x91\x10x)\xc0\xae\xe7$\xf1\xe10\x03!\
H3\x10\xb6V\xc7\x89+\x90\x96 #\x11\xb9\x5c\x9f\
>\xa6\xbd{\xb1c4\x5c\x22\xb5?:I\x01\xfe\x0e\
\x1a=\xbe\x9d%\xd0Iy\xb7\x87\x84\xa6\xab\x0d\x9a&\
y\xeb\xd1\xac\x93\x0dxA\xea\xbd$\xad\x0dz\xd9\xbb\
\xbe\xc7\xc1>n6\x9b\x9f9\x7f\xfe\xe4\xf1A\x04\xfe\
 3\x00x\x1a\x9cy\xc7W\x17o\xdd\xfd4\x08\xf6\
s\x10\xe2\xf9`\xe2Z\xce\xb5R\xfb\x83\xcb\x8f-\x0f\
\xe8\xdb\xdb[\x18I\xc8\xd3\x07\xa6\x82\xda\x1c\xa0\x98\xe6\
Kl\xfc\x81\x1b\xf3\xfbN$\x03\x10\xd2\x0a`\xff#\
\x95?gd@\x01k\xec>\xe1\x18\x8e\x85e\xd1`\
\xff\x07L\xb0/3!>w\xe6\xcc\xb1\xef{Js\
w\x22\x19(\xe0/\x07\x06\xe0\x12\x07\xf6q\xf2\x1f\xf0\
^\xdc\xb4i\xf7\xe5\xd0\xc43-\xe0\x99\x00n`\x10\
\xbb\x18\xe3\xa3\xc4\xc9]r:@\xdb\xc6,\xbf\xb6X\
T\xc9\x1f};\xc9\x1e\xb1B\xd4\xfe\x9eX\xfa%\xbb\
\x87;\x10p\x8f\x1d^@\x9a\xe3,\x03\x0e\x82\x89{\
\x04\xf8\x9d\xdcl\xdey\xe6\xcc\xc9G\x02\xc5\xea\x0e\xe8\
\x07\x12\xf8\xcb\x89\x01$2\x03\xa2u[w_\x5c\x82\
\xb5\x03\xc0naa\x07\x18.e\xc0\xc5\x02l\x82\x09\
L\x08\x88\x0a\x03+\xd1\x22.UG\x12\xa9\x1b\xab\x87\
\xe3\xfd\x14\xb73M\xf3\x85\xca\xeb\xd2\xd8\x87>\x06\x7f\
\xdb\xe6c\xd0R\x5c\x08\xd4\xc0\xc4\x14\x80)\x08<\xc1\
\x80#\x82\xe3\xb0\xb0\xf0\x90&p\xd8\xd9\x86\x1b\xcb\x11\
\xf4\xcb\x99\x01(\x98\xc1\x06\xe1\xce D\xd1\xae]\xbb\
\x86ff\x86\xf5fs^\x1b\x1b\x1b\xe1B\x9c\xf7\xb5\
\x0b\xf5\x12gs\xea\x5c\xc9-\x97\xfe\x16\xb4\x18\x0d\xc4\
\x84\xa6\x95\xacRi\xc6<56f\xe0\xe0A\xe9\xb9\
\x13C\x9ag\xa5\xde\xb2\x01\xfdJa\x00\x11\x8b\x8e\xf6\
9\xef\xbc\xdfu\x08X\x96\x1f\xb6\xa0\xcc\xb6$\xe6\x9c\
\x8bA\x98\xbe\xcb\x8bV\x12\x03\x88\xa3\xa2\x1dV&\x89\
\xa5\xae@A\x05\x15TPA\x05\x15TPA\x05\x15\
TPA\x05\x15TPA\x05\x15TPA\x05\x15T\
PA\x05\x15TPA\x05\x15TPA\x05\x15TP\
A\x05\x15TPA\x05\x15TPA\x05\x15TPA\
\x05\x15T\x10\xd2\xd0\xff\x0f}\xd9\x1f\xc4NSVk\
\x00\x00\x00\x00IEND\xaeB`\x82\
"

qt_resource_name = b"\
\x00\x12\
\x01\x83\x13_\
\x00q\
\x00u\x00i\x00c\x00k\x00t\x00r\x00a\x00n\x00s\x00l\x00a\x00t\x00e\x00.\x00i\x00c\
\x00o\
"

qt_resource_struct = b"\
\x00\x00\x00\x00\x00\x02\x00\x00\x00\x01\x00\x00\x00\x01\
\x00\x00\x00\x00\x00\x00\x00\x00\
\x00\x00\x00\x00\x00\x00\x00\x00\x00\x01\x00\x00\x00\x00\
\x00\x00\x01\xa0?\x0d$\xce\
"


def qInitResources():
    QtCore.qRegisterResourceData(
        0x03, qt_resource_struct, qt_resource_name, qt_resource_data
    )


def qCleanupResources():
    QtCore.qUnregisterResourceData(
        0x03, qt_resource_struct, qt_resource_name, qt_resource_data
    )


qInitResources()
